event_id,start_time,end_time,duration_seconds,max_concentration,mean_concentration,num_measurements,date
1,2014-03-02 00:00:00,2014-03-02 00:01:40,100.0,0.7,0.6999999999999998,101,2014-03-02
2,2014-03-02 01:09:11,2014-03-02 01:14:42,331.0,0.7,0.6999999999999998,12,2014-03-02
3,2014-03-02 01:20:43,2014-03-02 01:20:44,1.0,0.7,0.7,2,2014-03-02
4,2014-03-02 01:25:09,2014-03-02 01:26:14,65.0,0.7,0.6999999999999998,6,2014-03-02
5,2014-03-02 01:39:23,2014-03-02 01:39:30,7.0,0.7,0.7,8,2014-03-02
6,2014-03-02 01:43:05,2014-03-02 01:44:12,67.0,0.7,0.6999999999999998,48,2014-03-02
7,2014-03-02 01:46:31,2014-03-02 01:47:22,51.0,0.7,0.7,20,2014-03-02
8,2014-03-02 01:50:05,2014-03-02 02:27:04,2219.0,0.7,0.7,416,2014-03-02
9,2014-03-02 02:29:47,2014-03-02 02:37:50,483.0,0.7,0.7,88,2014-03-02
10,2014-03-02 02:40:49,2014-03-02 02:43:38,169.0,0.7,0.7,20,2014-03-02
11,2014-03-02 02:46:19,2014-03-02 02:48:24,125.0,0.7,0.7,14,2014-03-02
12,2014-03-02 02:52:09,2014-03-02 02:54:43,154.0,0.7,0.7,23,2014-03-02
13,2014-03-02 02:56:49,2014-03-02 03:04:17,448.0,0.7,0.7,72,2014-03-02
14,2014-03-02 03:09:19,2014-03-02 03:11:33,134.0,0.7,0.7,26,2014-03-02
15,2014-03-02 03:16:30,2014-03-02 03:17:37,67.0,0.7,0.7,16,2014-03-02
16,2014-03-02 03:21:02,2014-03-02 03:27:34,392.0,0.7,0.7,67,2014-03-02
17,2014-03-02 03:31:18,2014-03-02 03:31:25,7.0,0.7,0.7,8,2014-03-02
18,2014-03-02 03:54:00,2014-03-02 03:54:03,3.0,0.7,0.7,4,2014-03-02
19,2014-03-02 05:22:48,2014-03-02 05:22:49,1.0,0.7,0.7,2,2014-03-02
20,2014-03-02 05:27:42,2014-03-02 05:27:47,5.0,0.7,0.6999999999999998,6,2014-03-02
21,2014-03-02 10:13:11,2014-03-02 10:13:14,3.0,0.7,0.7,4,2014-03-02
22,2014-03-02 11:56:37,2014-03-02 11:56:40,3.0,0.7,0.7,4,2014-03-02
23,2014-03-02 22:17:17,2014-03-02 22:17:18,1.0,0.7,0.7,2,2014-03-02
24,2014-03-03 00:54:03,2014-03-03 00:54:04,1.0,0.7,0.7,2,2014-03-03
25,2014-03-03 03:28:56,2014-03-03 03:29:05,9.0,0.7,0.7,4,2014-03-03
26,2014-03-03 04:21:09,2014-03-03 04:21:12,3.0,0.7,0.7,4,2014-03-03
27,2014-03-03 04:48:11,2014-03-03 04:48:18,7.0,0.7,0.7,8,2014-03-03
28,2014-03-03 04:56:43,2014-03-03 04:57:02,19.0,0.7,0.7,16,2014-03-03
29,2014-03-03 05:01:17,2014-03-03 05:01:20,3.0,0.7,0.7,4,2014-03-03
30,2014-03-03 05:55:19,2014-03-03 05:55:20,1.0,0.7,0.7,2,2014-03-03
31,2014-03-03 06:02:33,2014-03-03 06:06:28,235.0,0.7,0.7,28,2014-03-03
32,2014-03-03 06:47:19,2014-03-03 06:47:30,11.0,0.7,0.6999999999999998,12,2014-03-03
33,2014-03-03 08:10:29,2014-03-03 08:11:04,35.0,0.7,0.7,14,2014-03-03
34,2014-03-03 08:30:51,2014-03-03 08:30:54,3.0,0.7,0.7,4,2014-03-03
35,2014-03-03 08:51:37,2014-03-03 08:51:40,3.0,0.7,0.7,4,2014-03-03
36,2014-03-03 09:27:21,2014-03-03 09:27:46,25.0,0.7,0.7,22,2014-03-03
37,2014-03-03 09:51:13,2014-03-03 09:54:00,167.0,0.7,0.7,70,2014-03-03
38,2014-03-03 09:57:41,2014-03-03 09:57:42,1.0,0.7,0.7,2,2014-03-03
39,2014-03-03 11:24:46,2014-03-03 11:24:51,5.0,0.7,0.6999999999999998,6,2014-03-03
40,2014-03-03 11:47:56,2014-03-03 11:48:15,19.0,0.7,0.7,10,2014-03-03
41,2014-03-03 11:58:46,2014-03-03 11:58:49,3.0,0.7,0.7,4,2014-03-03
42,2014-03-03 12:07:08,2014-03-03 12:08:51,103.0,0.7,0.7,20,2014-03-03
43,2014-03-03 12:11:28,2014-03-03 12:11:29,1.0,0.7,0.7,2,2014-03-03
44,2014-03-03 12:16:18,2014-03-03 12:16:21,3.0,0.7,0.7,4,2014-03-03
45,2014-03-03 12:19:46,2014-03-03 12:19:51,5.0,0.7,0.6999999999999998,6,2014-03-03
46,2014-03-03 12:37:30,2014-03-03 12:39:55,145.0,0.7,0.7,20,2014-03-03
47,2014-03-03 12:43:44,2014-03-03 12:52:09,505.0,0.7,0.7,36,2014-03-03
48,2014-03-03 12:54:42,2014-03-03 13:01:03,381.0,0.7,0.7,68,2014-03-03
49,2014-03-03 13:03:42,2014-03-03 13:06:39,177.0,0.7,0.7,30,2014-03-03
50,2014-03-03 13:16:26,2014-03-03 13:16:27,1.0,0.7,0.7,2,2014-03-03
51,2014-03-03 13:18:54,2014-03-03 13:18:57,3.0,0.7,0.7,4,2014-03-03
52,2014-03-03 13:21:34,2014-03-03 13:22:09,35.0,0.7,0.7,10,2014-03-03
53,2014-03-03 13:24:58,2014-03-03 13:57:55,1977.0,0.7,0.7,510,2014-03-03
54,2014-03-03 13:59:58,2014-03-03 14:02:47,169.0,0.7,0.7,36,2014-03-03
55,2014-03-03 14:05:04,2014-03-03 14:06:01,57.0,0.7,0.7,10,2014-03-03
56,2014-03-03 14:08:50,2014-03-03 14:10:35,105.0,0.7,0.6999999999999998,12,2014-03-03
57,2014-03-03 14:14:36,2014-03-03 14:14:37,1.0,0.7,0.7,2,2014-03-03
58,2014-03-03 14:17:38,2014-03-03 14:17:57,19.0,0.7,0.6999999999999998,12,2014-03-03
59,2014-03-03 14:20:28,2014-03-03 14:29:51,563.0,0.7,0.7,94,2014-03-03
60,2014-03-03 14:33:14,2014-03-03 14:34:17,63.0,0.7,0.7,18,2014-03-03
61,2014-03-03 14:45:54,2014-03-03 14:45:57,3.0,0.7,0.7,4,2014-03-03
62,2014-03-03 14:53:26,2014-03-03 14:53:29,3.0,0.7,0.7,4,2014-03-03
63,2014-03-03 15:11:46,2014-03-03 15:11:53,7.0,0.7,0.7,8,2014-03-03
64,2014-03-03 15:25:18,2014-03-03 15:25:21,3.0,0.7,0.7,4,2014-03-03
65,2014-03-03 15:35:32,2014-03-03 15:40:45,313.0,0.7,0.7,158,2014-03-03
66,2014-03-03 15:55:06,2014-03-03 15:55:07,1.0,0.7,0.7,2,2014-03-03
67,2014-03-03 15:58:04,2014-03-03 15:58:05,1.0,0.7,0.7,2,2014-03-03
68,2014-03-03 16:02:12,2014-03-03 16:05:15,183.0,0.7,0.7,10,2014-03-03
69,2014-03-03 16:08:24,2014-03-03 16:11:05,161.0,0.7,0.6999999999999998,48,2014-03-03
70,2014-03-03 16:16:24,2014-03-03 16:22:45,381.0,0.7,0.7,120,2014-03-03
71,2014-03-03 16:24:46,2014-03-03 16:26:13,87.0,0.7,0.6999999999999998,12,2014-03-03
72,2014-03-03 16:31:18,2014-03-03 16:38:13,415.0,0.7,0.7,40,2014-03-03
73,2014-03-03 16:40:50,2014-03-03 16:49:15,505.0,0.7,0.7,90,2014-03-03
74,2014-03-03 16:53:02,2014-03-03 17:10:27,1045.0,0.7,0.7,128,2014-03-03
75,2014-03-03 17:15:34,2014-03-03 17:21:47,373.0,0.7,0.7,42,2014-03-03
76,2014-03-03 17:27:36,2014-03-03 17:27:39,3.0,0.7,0.7,4,2014-03-03
77,2014-03-03 17:32:06,2014-03-03 17:32:11,5.0,0.7,0.7,4,2014-03-03
78,2014-03-03 17:37:44,2014-03-03 17:40:05,141.0,0.7,0.7,16,2014-03-03
79,2014-03-03 17:43:14,2014-03-03 17:45:15,121.0,0.7,0.7,32,2014-03-03
80,2014-03-03 17:47:46,2014-03-03 17:47:49,3.0,0.7,0.7,4,2014-03-03
81,2014-03-03 17:50:40,2014-03-03 18:01:05,625.0,0.7,0.7,272,2014-03-03
82,2014-03-03 18:03:14,2014-03-03 18:03:15,1.0,0.7,0.7,2,2014-03-03
83,2014-03-03 18:06:48,2014-03-03 18:13:17,389.0,0.7,0.7,144,2014-03-03
84,2014-03-03 18:17:16,2014-03-03 18:17:19,3.0,0.7,0.7,4,2014-03-03
85,2014-03-03 18:19:26,2014-03-03 18:23:27,241.0,0.7,0.7,32,2014-03-03
86,2014-03-03 18:40:40,2014-03-03 18:42:15,95.0,0.7,0.7,10,2014-03-03
87,2014-03-03 19:01:18,2014-03-03 19:08:59,461.0,0.7,0.7,40,2014-03-03
88,2014-03-03 19:11:50,2014-03-03 19:52:29,2439.0,0.8,0.700753768844221,1592,2014-03-03
89,2014-03-03 19:59:36,2014-03-03 20:08:19,523.0,0.7,0.7,184,2014-03-03
90,2014-03-03 20:14:08,2014-03-03 20:14:09,1.0,0.7,0.7,2,2014-03-03
91,2014-03-03 20:18:52,2014-03-03 21:00:48,2516.0,0.8,0.7003962357602773,2019,2014-03-03
92,2014-03-03 21:03:13,2014-03-03 21:41:36,2303.0,0.7,0.7,514,2014-03-03
93,2014-03-03 21:44:06,2014-03-03 21:44:15,9.0,0.7,0.7,8,2014-03-03
94,2014-03-03 21:57:47,2014-03-03 21:57:58,11.0,0.7,0.7,10,2014-03-03
95,2014-03-03 22:01:09,2014-03-03 22:01:20,11.0,0.7,0.7,10,2014-03-03
96,2014-03-03 22:04:16,2014-03-03 22:04:25,9.0,0.7,0.7,10,2014-03-03
97,2014-03-03 22:29:46,2014-03-03 22:31:53,127.0,0.7,0.7,18,2014-03-03
98,2014-03-03 22:36:20,2014-03-03 22:36:23,3.0,0.7,0.7,4,2014-03-03
99,2014-03-03 22:39:44,2014-03-03 22:39:47,3.0,0.7,0.7,4,2014-03-03
100,2014-03-03 22:41:56,2014-03-03 22:43:43,107.0,0.7,0.7,14,2014-03-03
101,2014-03-03 22:46:54,2014-03-03 22:48:45,111.0,0.7,0.7,34,2014-03-03
102,2014-03-03 22:51:52,2014-03-03 22:59:31,459.0,0.7,0.7,70,2014-03-03
103,2014-03-03 23:01:50,2014-03-03 23:03:37,107.0,0.7,0.6999999999999998,12,2014-03-03
104,2014-03-03 23:07:36,2014-03-03 23:07:41,5.0,0.7,0.6999999999999998,6,2014-03-03
105,2014-03-03 23:14:26,2014-03-03 23:14:31,5.0,0.7,0.6999999999999998,6,2014-03-03
106,2014-03-03 23:21:28,2014-03-03 23:23:25,117.0,0.7,0.7,40,2014-03-03
107,2014-03-03 23:27:36,2014-03-03 23:32:07,271.0,0.7,0.7,18,2014-03-03
108,2014-03-03 23:53:36,2014-03-03 23:53:43,7.0,0.7,0.7,8,2014-03-03
109,2014-03-04 00:04:52,2014-03-04 00:04:53,1.0,0.7,0.7,2,2014-03-04
110,2014-03-04 00:10:26,2014-03-04 00:18:15,469.0,0.7,0.7,70,2014-03-04
111,2014-03-04 00:22:08,2014-03-04 00:25:23,195.0,0.7,0.7,102,2014-03-04
112,2014-03-04 00:29:12,2014-03-04 01:15:19,2767.0,0.7,0.7,1126,2014-03-04
113,2014-03-04 01:17:32,2014-03-04 01:18:35,63.0,0.7,0.6999999999999998,24,2014-03-04
114,2014-03-04 01:20:36,2014-03-04 01:21:07,31.0,0.7,0.6999999999999998,12,2014-03-04
115,2014-03-04 01:26:04,2014-03-04 01:27:49,105.0,0.7,0.7,8,2014-03-04
116,2014-03-04 01:30:52,2014-03-04 01:33:49,177.0,0.7,0.7,56,2014-03-04
117,2014-03-04 01:36:12,2014-03-04 01:52:27,975.0,0.7,0.7,262,2014-03-04
118,2014-03-04 01:56:08,2014-03-04 01:56:17,9.0,0.7,0.7,10,2014-03-04
119,2014-03-04 01:58:52,2014-03-04 02:00:45,113.0,0.7,0.7,10,2014-03-04
120,2014-03-04 02:14:54,2014-03-04 02:19:05,251.0,0.7,0.7,52,2014-03-04
121,2014-03-04 02:21:38,2014-03-04 02:23:49,131.0,0.7,0.6999999999999998,24,2014-03-04
122,2014-03-04 02:29:58,2014-03-04 02:38:54,536.0,0.7,0.7,218,2014-03-04
123,2014-03-04 02:41:31,2014-03-04 02:58:54,1043.0,0.7,0.7,484,2014-03-04
124,2014-03-04 03:01:17,2014-03-04 03:05:50,273.0,0.7,0.7,22,2014-03-04
125,2014-03-04 03:09:35,2014-03-04 03:09:40,5.0,0.7,0.6999999999999998,6,2014-03-04
126,2014-03-04 03:14:15,2014-03-04 03:14:46,31.0,0.7,0.7,10,2014-03-04
127,2014-03-04 03:17:03,2014-03-04 03:18:00,57.0,0.7,0.7,28,2014-03-04
128,2014-03-04 03:20:09,2014-03-04 03:27:10,421.0,0.7,0.7,130,2014-03-04
129,2014-03-04 03:33:05,2014-03-04 03:33:06,1.0,0.7,0.7,2,2014-03-04
130,2014-03-04 03:37:47,2014-03-04 03:41:16,209.0,0.7,0.7,22,2014-03-04
131,2014-03-04 03:45:05,2014-03-04 04:20:40,2135.0,0.7,0.7,1015,2014-03-04
132,2014-03-04 04:26:03,2014-03-04 04:31:06,303.0,0.7,0.7,68,2014-03-04
133,2014-03-04 04:35:51,2014-03-04 05:01:16,1525.0,0.7,0.7,452,2014-03-04
134,2014-03-04 05:04:53,2014-03-04 05:45:08,2415.0,0.7,0.7,1216,2014-03-04
135,2014-03-04 05:47:31,2014-03-04 05:47:42,11.0,0.7,0.6999999999999998,12,2014-03-04
136,2014-03-04 05:55:15,2014-03-04 06:10:08,893.0,0.7,0.7,364,2014-03-04
137,2014-03-04 06:12:59,2014-03-04 06:22:46,587.0,0.7,0.7,266,2014-03-04
138,2014-03-04 06:27:21,2014-03-04 06:40:56,815.0,0.7,0.6999999999999998,444,2014-03-04
139,2014-03-04 06:54:27,2014-03-04 07:00:26,359.0,0.7,0.7,22,2014-03-04
140,2014-03-04 07:16:06,2014-03-04 07:16:13,7.0,0.7,0.7,8,2014-03-04
141,2014-03-04 07:23:52,2014-03-04 07:29:29,337.0,0.7,0.7,76,2014-03-04
142,2014-03-04 07:32:36,2014-03-04 07:32:59,23.0,0.7,0.6999999999999998,6,2014-03-04
143,2014-03-04 07:37:02,2014-03-04 07:37:29,27.0,0.7,0.6999999999999998,12,2014-03-04
144,2014-03-04 07:44:20,2014-03-04 07:44:23,3.0,0.7,0.7,4,2014-03-04
145,2014-03-04 07:46:30,2014-03-04 07:49:31,181.0,0.7,0.6999999999999998,48,2014-03-04
146,2014-03-04 07:54:36,2014-03-04 07:54:39,3.0,0.7,0.7,4,2014-03-04
147,2014-03-04 08:00:54,2014-03-04 08:01:51,57.0,0.7,0.7,16,2014-03-04
148,2014-03-04 08:13:46,2014-03-04 08:13:49,3.0,0.7,0.7,4,2014-03-04
149,2014-03-04 08:19:56,2014-03-04 08:22:09,133.0,0.7,0.7,14,2014-03-04
150,2014-03-04 08:26:34,2014-03-04 08:26:37,3.0,0.7,0.7,4,2014-03-04
151,2014-03-04 08:28:54,2014-03-04 08:28:55,1.0,0.7,0.7,2,2014-03-04
152,2014-03-04 09:26:32,2014-03-04 09:26:39,7.0,0.7,0.7,8,2014-03-04
153,2014-03-04 10:02:34,2014-03-04 10:03:51,77.0,0.7,0.7,22,2014-03-04
154,2014-03-04 10:26:10,2014-03-04 10:30:11,241.0,30.0,7.846511627906977,86,2014-03-04
155,2014-03-04 12:17:10,2014-03-04 12:17:15,5.0,0.7,0.6999999999999998,6,2014-03-04
156,2014-03-04 12:43:26,2014-03-04 12:43:27,1.0,0.7,0.7,2,2014-03-04
157,2014-03-04 14:27:24,2014-03-04 14:27:27,3.0,0.7,0.7,4,2014-03-04
158,2014-03-10 18:33:00,2014-03-10 18:38:47,347.0,0.7,0.7,302,2014-03-10
159,2014-03-10 18:47:26,2014-03-10 18:47:27,1.0,0.7,0.7,2,2014-03-10
160,2014-03-10 18:55:14,2014-03-10 18:58:17,183.0,0.7,0.7,116,2014-03-10
161,2014-03-10 19:53:30,2014-03-10 19:59:09,339.0,0.7,0.7,200,2014-03-10
162,2014-03-11 02:46:03,2014-03-11 02:57:54,711.0,0.7,0.7,678,2014-03-11
163,2014-03-11 03:02:05,2014-03-11 03:04:00,115.0,0.7,0.7,26,2014-03-11
164,2014-03-11 03:39:24,2014-03-11 03:44:48,324.0,0.7,0.7,295,2014-03-11
165,2014-03-11 03:55:51,2014-03-11 04:01:30,339.0,0.7,0.7,312,2014-03-11
166,2014-03-13 10:36:26,2014-03-13 10:38:09,103.0,2.2,2.0205128205128204,78,2014-03-13
167,2014-03-14 01:13:20,2014-03-14 01:16:33,193.0,0.7,0.7,54,2014-03-14
168,2014-03-14 09:16:11,2014-03-14 09:16:12,1.0,0.7,0.7,2,2014-03-14
169,2014-03-14 10:48:55,2014-03-14 10:48:56,1.0,0.7,0.7,2,2014-03-14
170,2014-03-14 11:21:09,2014-03-14 11:22:12,63.0,0.7,0.6999999999999998,6,2014-03-14
171,2014-03-14 11:24:55,2014-03-14 11:35:58,663.0,0.7,0.7,382,2014-03-14
172,2014-03-14 12:11:49,2014-03-14 12:15:28,219.0,0.7,0.7,94,2014-03-14
173,2014-03-14 12:20:19,2014-03-14 12:40:36,1217.0,0.7,0.7,1062,2014-03-14
174,2014-03-14 13:01:03,2014-03-14 13:02:34,91.0,0.7,0.7,4,2014-03-14
175,2014-03-14 13:07:57,2014-03-14 13:30:56,1379.0,0.7,0.7,694,2014-03-14
176,2014-03-14 13:33:23,2014-03-14 13:36:58,215.0,0.7,0.7,62,2014-03-14
177,2014-03-14 13:41:23,2014-03-14 13:41:26,3.0,0.7,0.7,4,2014-03-14
178,2014-03-14 13:43:49,2014-03-14 13:44:16,27.0,0.7,0.6999999999999998,12,2014-03-14
179,2014-03-14 13:47:39,2014-03-14 14:09:04,1285.0,0.7,0.6999999999999998,439,2014-03-14
180,2014-03-14 14:13:23,2014-03-14 14:27:53,870.0,0.7,0.6999999999999998,192,2014-03-14
181,2014-03-14 14:30:28,2014-03-14 14:30:35,7.0,0.7,0.7,8,2014-03-14
182,2014-03-14 14:33:08,2014-03-14 14:33:09,1.0,0.7,0.7,2,2014-03-14
183,2014-03-14 14:35:22,2014-03-14 14:36:17,55.0,0.7,0.7,20,2014-03-14
184,2014-03-14 14:39:24,2014-03-14 14:39:27,3.0,0.7,0.7,4,2014-03-14
185,2014-03-14 14:43:40,2014-03-14 14:44:25,45.0,0.7,0.6999999999999998,12,2014-03-14
186,2014-03-14 14:56:56,2014-03-14 14:57:53,57.0,0.7,0.7,14,2014-03-14
187,2014-03-14 15:00:04,2014-03-14 15:00:17,13.0,0.7,0.7,10,2014-03-14
188,2014-03-14 15:03:38,2014-03-14 15:03:39,1.0,0.7,0.7,2,2014-03-14
189,2014-03-14 15:11:09,2014-03-14 15:27:14,965.0,0.7,0.7,416,2014-03-14
190,2014-03-14 15:36:17,2014-03-14 16:04:48,1711.0,0.7,0.7,1160,2014-03-14
191,2014-03-14 16:07:36,2014-03-14 16:07:43,7.0,0.7,0.7,8,2014-03-14
192,2014-03-14 16:15:36,2014-03-14 16:19:55,259.0,0.7,0.7,138,2014-03-14
193,2014-03-14 17:07:45,2014-03-14 17:09:24,99.0,0.7,0.6999999999999998,12,2014-03-14
194,2014-03-14 17:11:45,2014-03-14 17:18:32,407.0,0.7,0.7,288,2014-03-14
195,2014-03-14 17:46:09,2014-03-14 17:46:44,35.0,0.7,0.7,4,2014-03-14
196,2014-03-14 17:49:11,2014-03-17 03:46:00,208609.0,1.0,0.7846303808436059,203128,2014-03-14
197,2014-03-17 03:48:53,2014-03-17 03:49:48,55.0,0.7,0.7,8,2014-03-17
198,2014-03-17 03:54:05,2014-03-17 03:54:10,5.0,0.7,0.6999999999999998,6,2014-03-17
199,2014-03-17 03:56:17,2014-03-17 04:04:22,485.0,0.7,0.7,56,2014-03-17
200,2014-03-17 04:06:35,2014-03-17 04:31:20,1485.0,0.7,0.7,706,2014-03-17
201,2014-03-17 04:37:03,2014-03-17 04:37:06,3.0,0.7,0.7,4,2014-03-17
202,2014-03-17 04:39:31,2014-03-17 04:44:54,323.0,0.7,0.7,40,2014-03-17
203,2014-03-17 04:50:31,2014-03-17 04:56:30,359.0,0.7,0.7,104,2014-03-17
204,2014-03-17 05:12:13,2014-03-17 05:12:14,1.0,0.7,0.7,2,2014-03-17
205,2014-03-17 05:14:57,2014-03-17 05:15:38,41.0,0.7,0.7,36,2014-03-17
206,2014-03-17 05:59:59,2014-03-17 06:00:00,1.0,0.8,0.8,2,2014-03-17
207,2014-03-17 06:08:41,2014-03-17 06:08:42,1.0,0.7,0.7,2,2014-03-17
208,2014-03-17 06:45:31,2014-03-17 07:03:32,1081.0,0.7,0.7,660,2014-03-17
209,2014-03-17 07:47:19,2014-03-17 07:51:14,235.0,0.7,0.7,132,2014-03-17
210,2014-03-17 08:33:37,2014-03-17 08:33:48,11.0,0.7,0.6999999999999998,12,2014-03-17
211,2014-03-17 09:19:01,2014-03-17 09:21:38,157.0,0.7,0.7,36,2014-03-17
212,2014-03-17 09:25:29,2014-03-17 09:25:30,1.0,0.7,0.7,2,2014-03-17
213,2014-03-17 09:27:51,2014-03-17 09:47:36,1185.0,0.7,0.7,844,2014-03-17
214,2014-03-17 09:53:49,2014-03-17 09:53:50,1.0,0.7,0.7,2,2014-03-17
215,2014-03-17 09:56:41,2014-03-17 09:56:42,1.0,0.7,0.7,2,2014-03-17
216,2014-03-17 09:58:59,2014-03-17 10:02:56,237.0,0.7,0.6999999999999998,48,2014-03-17
217,2014-03-17 10:06:01,2014-03-17 10:06:12,11.0,0.7,0.6999999999999998,12,2014-03-17
218,2014-03-17 10:11:25,2014-03-17 10:11:28,3.0,0.7,0.7,4,2014-03-17
219,2014-03-17 10:15:37,2014-03-17 10:15:44,7.0,0.7,0.7,8,2014-03-17
220,2014-03-17 10:25:21,2014-03-17 10:26:30,69.0,0.7,0.7,14,2014-03-17
221,2014-03-17 10:31:17,2014-03-17 10:32:08,51.0,0.7,0.6999999999999998,6,2014-03-17
222,2014-03-17 10:35:19,2014-03-17 10:35:52,33.0,0.7,0.7,20,2014-03-17
223,2014-03-17 10:49:37,2014-03-17 10:49:42,5.0,0.7,0.6999999999999998,6,2014-03-17
224,2014-03-17 10:51:59,2014-03-17 10:52:08,9.0,0.7,0.7,10,2014-03-17
225,2014-03-17 11:07:07,2014-03-17 11:07:08,1.0,0.7,0.7,2,2014-03-17
226,2014-03-17 11:09:39,2014-03-17 11:09:48,9.0,0.7,0.7,10,2014-03-17
227,2014-03-17 11:12:49,2014-03-17 11:14:16,87.0,0.7,0.7,4,2014-03-17
228,2014-03-17 11:23:33,2014-03-17 11:23:34,1.0,0.7,0.7,2,2014-03-17
229,2014-03-17 12:52:53,2014-03-17 12:55:04,131.0,0.7,0.7,20,2014-03-17
230,2014-03-17 16:10:04,2014-03-17 16:11:01,57.0,0.7,0.7,50,2014-03-17
231,2014-03-17 17:43:26,2014-03-17 17:45:05,99.0,0.7,0.7,42,2014-03-17
232,2014-03-17 18:25:27,2014-03-17 18:27:04,97.0,0.7,0.7,16,2014-03-17
233,2014-03-17 18:31:01,2014-03-17 18:49:32,1111.0,0.7,0.7,1064,2014-03-17
234,2014-03-17 19:29:33,2014-03-17 19:36:56,443.0,0.7,0.7,236,2014-03-17
235,2014-03-17 19:50:54,2014-03-17 19:57:47,413.0,0.7,0.7,314,2014-03-17
236,2014-03-17 20:05:38,2014-03-17 20:05:41,3.0,0.7,0.7,4,2014-03-17
237,2014-03-17 20:31:52,2014-03-17 20:34:31,159.0,0.7,0.7,20,2014-03-17
238,2014-03-17 20:39:14,2014-03-17 20:39:15,1.0,0.7,0.7,2,2014-03-17
239,2014-03-18 02:32:20,2014-03-18 02:33:55,95.0,0.7,0.7,30,2014-03-18
240,2014-03-18 05:46:14,2014-03-18 05:46:19,5.0,0.7,0.6999999999999998,6,2014-03-18
241,2014-03-18 05:49:20,2014-03-18 05:54:07,287.0,0.7,0.7,70,2014-03-18
242,2014-03-18 10:39:57,2014-03-18 10:40:32,35.0,2.2,2.016666666666667,36,2014-03-18
243,2014-03-18 12:07:42,2014-03-18 12:07:44,2.0,0.9,0.9,3,2014-03-18
244,2014-03-18 12:41:10,2014-03-18 12:41:11,1.0,0.8,0.8,2,2014-03-18
245,2014-03-18 15:25:32,2014-03-18 15:29:59,267.0,0.7,0.7,174,2014-03-18
246,2014-03-18 16:28:18,2014-03-18 16:35:15,417.0,0.7,0.7,56,2014-03-18
247,2014-03-18 17:47:02,2014-03-18 17:47:31,29.0,0.7,0.7,8,2014-03-18
248,2014-03-18 17:49:34,2014-03-18 18:05:19,945.0,0.7,0.7,874,2014-03-18
249,2014-03-18 18:10:44,2014-03-18 18:12:31,107.0,0.7,0.7,18,2014-03-18
250,2014-03-18 18:30:44,2014-03-18 18:30:53,9.0,0.7,0.7,10,2014-03-18
251,2014-03-18 18:33:56,2014-03-18 18:38:02,246.0,0.7,0.7,161,2014-03-18
252,2014-03-18 18:49:13,2014-03-18 18:52:26,193.0,0.7,0.7,134,2014-03-18
253,2014-03-18 19:00:05,2014-03-18 19:04:28,263.0,0.7,0.7,230,2014-03-18
254,2014-03-18 19:10:35,2014-03-18 19:11:12,37.0,0.7,0.6999999999999998,12,2014-03-18
255,2014-03-18 19:14:05,2014-03-18 19:15:52,107.0,0.7,0.7,18,2014-03-18
256,2014-03-18 19:21:52,2014-03-18 19:29:04,432.0,0.7,0.7,283,2014-03-18
257,2014-03-18 19:37:53,2014-03-18 20:36:12,3499.0,0.8,0.7099526066350711,2110,2014-03-18
258,2014-03-18 20:38:49,2014-03-18 20:39:42,53.0,0.7,0.7,14,2014-03-18
259,2014-03-18 20:43:49,2014-03-18 20:45:44,115.0,0.7,0.7,14,2014-03-18
260,2014-03-18 23:54:22,2014-03-18 23:55:31,69.0,0.7,0.6999999999999998,6,2014-03-18
261,2014-03-19 00:11:42,2014-03-19 00:11:45,3.0,0.7,0.7,4,2014-03-19
262,2014-03-19 00:16:38,2014-03-19 00:16:41,3.0,0.7,0.7,4,2014-03-19
263,2014-03-19 00:37:42,2014-03-19 00:37:45,3.0,0.7,0.7,4,2014-03-19
264,2014-03-19 01:09:16,2014-03-19 01:09:19,3.0,0.7,0.7,4,2014-03-19
265,2014-03-19 01:17:20,2014-03-19 01:18:09,49.0,0.7,0.7,26,2014-03-19
266,2014-03-19 01:38:06,2014-03-19 01:41:15,189.0,0.7,0.7,16,2014-03-19
267,2014-03-19 01:43:30,2014-03-19 01:46:43,193.0,0.7,0.6999999999999998,24,2014-03-19
268,2014-03-19 02:00:34,2014-03-19 02:37:07,2193.0,0.7,0.7,1450,2014-03-19
269,2014-03-19 02:39:10,2014-03-19 02:41:11,121.0,0.7,0.7,32,2014-03-19
270,2014-03-19 02:44:32,2014-03-19 02:46:13,101.0,0.7,0.7,10,2014-03-19
271,2014-03-19 03:00:30,2014-03-19 03:00:33,3.0,0.7,0.7,4,2014-03-19
272,2014-03-19 03:06:02,2014-03-19 03:06:03,1.0,0.7,0.7,2,2014-03-19
273,2014-03-19 03:10:04,2014-03-19 03:10:07,3.0,0.7,0.7,4,2014-03-19
274,2014-03-19 03:12:54,2014-03-19 03:17:05,251.0,0.7,0.7,144,2014-03-19
275,2014-03-19 03:27:35,2014-03-19 03:29:02,87.0,0.7,0.7,8,2014-03-19
276,2014-03-19 03:37:32,2014-03-19 03:37:33,1.0,0.7,0.7,2,2014-03-19
277,2014-03-19 03:41:06,2014-03-19 05:38:51,7065.0,0.8,0.7013351134846462,5992,2014-03-19
278,2014-03-19 05:48:44,2014-03-19 05:53:37,293.0,0.7,0.7,276,2014-03-19
279,2014-03-19 06:10:54,2014-03-19 07:31:11,4817.0,0.8,0.7087447478991595,3808,2014-03-19
280,2014-03-19 07:33:16,2014-03-19 07:36:01,165.0,0.7,0.7,100,2014-03-19
281,2014-03-19 07:44:26,2014-03-19 07:46:21,115.0,0.7,0.7,32,2014-03-19
282,2014-03-19 07:51:00,2014-03-19 07:51:03,3.0,0.7,0.7,4,2014-03-19
283,2014-03-19 07:56:56,2014-03-19 07:58:25,89.0,0.7,0.7,10,2014-03-19
284,2014-03-19 08:03:30,2014-03-19 08:06:53,203.0,0.7,0.7,50,2014-03-19
285,2014-03-19 08:41:40,2014-03-19 08:41:45,5.0,0.7,0.6999999999999998,6,2014-03-19
286,2014-03-19 09:23:04,2014-03-19 09:26:01,177.0,0.7,0.7,28,2014-03-19
287,2014-03-19 09:30:40,2014-03-19 09:44:49,849.0,0.7,0.7,100,2014-03-19
288,2014-03-19 09:51:02,2014-03-19 09:54:37,215.0,0.7,0.7,20,2014-03-19
289,2014-03-19 10:00:26,2014-03-19 10:19:53,1167.0,0.7,0.7,338,2014-03-19
290,2014-03-19 10:22:54,2014-03-19 10:28:25,331.0,0.7,0.7,76,2014-03-19
291,2014-03-19 10:37:26,2014-03-19 10:39:43,137.0,0.7,0.7,30,2014-03-19
292,2014-03-19 10:42:12,2014-03-19 10:42:13,1.0,0.7,0.7,2,2014-03-19
293,2014-03-19 10:45:38,2014-03-19 10:45:41,3.0,0.7,0.7,4,2014-03-19
294,2014-03-19 10:55:52,2014-03-19 10:56:45,53.0,0.7,0.6999999999999998,6,2014-03-19
295,2014-03-19 11:04:06,2014-03-19 11:04:07,1.0,0.7,0.7,2,2014-03-19
296,2014-03-19 11:16:36,2014-03-19 11:18:25,109.0,0.7,0.7,58,2014-03-19
297,2014-03-19 11:44:44,2014-03-19 11:46:39,115.0,0.7,0.7,10,2014-03-19
298,2014-03-19 14:49:17,2014-03-19 14:49:17,0.0,0.7,0.7,1,2014-03-19
299,2014-03-20 17:43:33,2014-03-20 17:52:48,555.0,0.7,0.7,536,2014-03-20
300,2014-03-20 18:10:53,2014-03-20 18:14:36,223.0,0.7,0.7,210,2014-03-20
301,2014-03-20 18:29:23,2014-03-20 18:32:28,185.0,0.7,0.7,178,2014-03-20
302,2014-03-21 08:31:32,2014-03-21 08:32:49,77.0,0.7,0.6999999999999998,12,2014-03-21
303,2014-03-21 08:43:34,2014-03-21 08:51:37,483.0,0.7,0.7,420,2014-03-21
304,2014-03-21 10:07:31,2014-03-21 10:21:02,811.0,0.7,0.7,520,2014-03-21
305,2014-03-21 10:23:35,2014-03-21 10:23:38,3.0,0.7,0.7,4,2014-03-21
306,2014-03-21 10:26:35,2014-03-21 10:53:36,1621.0,0.7,0.7,942,2014-03-21
307,2014-03-21 11:06:25,2014-03-21 18:44:37,27492.0,0.8,0.7017511276200583,26383,2014-03-21
308,2014-03-21 18:52:42,2014-03-23 22:49:38,187016.0,1.0,0.7399476575961507,184554,2014-03-21
309,2014-03-23 22:51:46,2014-03-23 23:38:39,2813.0,0.7,0.7,1900,2014-03-23
310,2014-03-23 23:49:14,2014-03-24 00:54:35,3921.0,0.7,0.7,2002,2014-03-23
311,2014-03-24 00:58:22,2014-03-24 01:48:55,3033.0,0.7,0.6999999999999998,1656,2014-03-24
312,2014-03-24 01:51:41,2014-03-24 01:51:44,3.0,0.7,0.7,4,2014-03-24
313,2014-03-24 01:55:27,2014-03-24 03:57:41,7334.0,0.7,0.7,5746,2014-03-24
314,2014-03-24 04:03:04,2014-03-24 05:24:25,4881.0,0.7,0.7,3539,2014-03-24
315,2014-03-24 05:27:53,2014-03-24 06:02:40,2087.0,0.7,0.7,1348,2014-03-24
316,2014-03-24 06:05:29,2014-03-24 06:54:34,2945.0,0.8,0.7055342044581091,2602,2014-03-24
317,2014-03-24 07:10:01,2014-03-24 08:15:16,3915.0,0.7,0.7,3280,2014-03-24
318,2014-03-24 08:17:23,2014-03-24 08:17:26,3.0,0.7,0.7,4,2014-03-24
319,2014-03-24 08:24:21,2014-03-24 08:24:38,17.0,0.7,0.6999999999999998,12,2014-03-24
320,2014-03-24 08:26:39,2014-03-24 08:26:44,5.0,0.7,0.6999999999999998,6,2014-03-24
321,2014-03-24 08:30:27,2014-03-24 08:30:36,9.0,0.7,0.7,10,2014-03-24
322,2014-03-24 08:33:31,2014-03-24 08:42:58,567.0,0.7,0.7,118,2014-03-24
323,2014-03-24 08:45:07,2014-03-24 08:48:52,225.0,0.7,0.7,110,2014-03-24
324,2014-03-24 08:51:33,2014-03-24 09:31:29,2396.0,0.7,0.7,1713,2014-03-24
325,2014-03-24 09:33:40,2014-03-24 09:38:27,287.0,0.7,0.7,54,2014-03-24
326,2014-03-24 09:43:52,2014-03-24 09:59:27,935.0,0.7,0.7,570,2014-03-24
327,2014-03-24 11:42:30,2014-03-24 11:44:40,130.0,0.7,0.7,18,2014-03-24
328,2014-03-24 11:51:43,2014-03-24 11:52:48,65.0,0.7,0.7,10,2014-03-24
329,2014-03-24 11:55:21,2014-03-24 11:55:54,33.0,0.7,0.7,10,2014-03-24
330,2014-03-24 13:32:41,2014-03-24 13:32:42,1.0,0.7,0.7,2,2014-03-24
331,2014-03-24 15:36:07,2014-03-24 15:36:12,5.0,0.7,0.6999999999999998,6,2014-03-24
332,2014-03-24 15:54:51,2014-03-24 16:20:58,1567.0,0.7,0.7,1440,2014-03-24
333,2014-03-24 16:25:05,2014-03-24 16:59:39,2074.0,0.7,0.7,1745,2014-03-24
334,2014-03-24 17:37:58,2014-03-24 18:08:41,1843.0,0.7,0.7,1424,2014-03-24
335,2014-03-24 18:22:46,2014-03-24 19:27:59,3913.0,0.7,0.7,3530,2014-03-24
336,2014-03-24 19:36:34,2014-03-24 19:39:55,201.0,0.7,0.7,132,2014-03-24
337,2014-03-24 19:56:52,2014-03-24 20:12:43,951.0,0.7,0.7,612,2014-03-24
338,2014-03-24 20:14:58,2014-03-24 21:00:15,2717.0,0.8,0.7135269709543568,2410,2014-03-24
339,2014-03-24 21:02:18,2014-03-24 21:04:37,139.0,0.7,0.7,16,2014-03-24
340,2014-03-24 21:36:06,2014-03-24 21:36:09,3.0,0.7,0.7,4,2014-03-24
341,2014-03-24 21:41:56,2014-03-24 21:41:57,1.0,0.7,0.7,2,2014-03-24
342,2014-03-24 21:44:04,2014-03-24 21:44:11,7.0,0.7,0.7,8,2014-03-24
343,2014-03-24 22:07:06,2014-03-24 22:07:09,3.0,0.7,0.7,4,2014-03-24
344,2014-03-25 02:06:47,2014-03-25 02:09:54,187.0,0.7,0.7,72,2014-03-25
345,2014-03-25 02:29:09,2014-03-25 02:29:14,5.0,0.7,0.6999999999999998,6,2014-03-25
346,2014-03-25 02:31:33,2014-03-25 02:34:02,149.0,0.7,0.7,18,2014-03-25
347,2014-03-25 02:37:51,2014-03-25 02:45:48,477.0,0.7,0.7,324,2014-03-25
348,2014-03-25 03:04:03,2014-03-25 04:12:04,4081.0,0.7,0.6999999999999998,3262,2014-03-25
349,2014-03-25 04:18:13,2014-03-25 04:22:30,257.0,0.7,0.7,236,2014-03-25
350,2014-03-25 04:34:57,2014-03-25 04:52:34,1057.0,0.7,0.7,750,2014-03-25
351,2014-03-25 05:12:07,2014-03-25 05:16:22,255.0,0.7,0.7,140,2014-03-25
352,2014-03-25 06:08:53,2014-03-25 06:13:44,291.0,0.7,0.7,240,2014-03-25
353,2014-03-25 06:45:37,2014-03-25 06:49:36,239.0,0.7,0.7,218,2014-03-25
354,2014-03-25 06:52:55,2014-03-25 06:58:10,315.0,0.7,0.6999999999999998,106,2014-03-25
355,2014-03-25 07:03:01,2014-03-25 07:58:00,3299.0,0.7,0.7,2668,2014-03-25
356,2014-03-25 09:38:10,2014-03-25 09:38:23,13.0,0.7,0.7,4,2014-03-25
357,2014-03-25 09:48:54,2014-03-25 09:48:57,3.0,0.7,0.7,4,2014-03-25
358,2014-03-25 10:01:36,2014-03-25 10:01:37,1.0,0.7,0.7,2,2014-03-25
359,2014-03-25 10:07:18,2014-03-25 10:10:45,207.0,0.7,0.6999999999999998,48,2014-03-25
360,2014-03-25 10:23:54,2014-03-25 10:25:39,105.0,0.7,0.7,20,2014-03-25
361,2014-03-25 10:28:00,2014-03-25 12:46:13,8293.0,0.7,0.7,7366,2014-03-25
362,2014-03-25 12:48:16,2014-03-25 14:32:14,6238.0,0.7,0.6999999999999998,3532,2014-03-25
363,2014-03-25 14:34:49,2014-03-26 00:43:53,36544.0,0.8,0.7078989873889544,32194,2014-03-25
364,2014-03-26 00:46:50,2014-03-26 00:56:21,571.0,0.7,0.7,194,2014-03-26
365,2014-03-26 00:59:40,2014-03-26 01:03:31,231.0,0.7,0.7,78,2014-03-26
366,2014-03-26 01:06:18,2014-03-26 01:09:59,221.0,0.7,0.7,26,2014-03-26
367,2014-03-26 02:11:52,2014-03-26 02:18:31,399.0,0.7,0.7,126,2014-03-26
368,2014-03-26 02:33:46,2014-03-26 02:38:11,265.0,0.7,0.7,20,2014-03-26
369,2014-03-26 02:57:38,2014-03-26 03:02:26,288.0,0.7,0.7,134,2014-03-26
370,2014-03-26 03:23:31,2014-03-26 03:34:19,648.0,0.7,0.7,585,2014-03-26
371,2014-03-26 03:37:56,2014-03-26 03:52:09,853.0,0.7,0.7,796,2014-03-26
372,2014-03-26 03:58:28,2014-03-26 04:09:43,675.0,0.7,0.7,486,2014-03-26
373,2014-03-26 04:13:40,2014-03-26 04:20:08,388.0,0.7,0.7000000000000001,374,2014-03-26
374,2014-03-26 04:49:41,2014-03-26 04:55:52,371.0,0.7,0.7,370,2014-03-26
375,2014-03-26 05:07:51,2014-03-26 05:27:36,1185.0,0.7,0.7,1172,2014-03-26
376,2014-03-26 05:49:39,2014-03-26 05:57:12,453.0,0.7,0.6999999999999998,454,2014-03-26
377,2014-03-26 05:59:23,2014-03-26 06:08:00,517.0,0.7,0.7,492,2014-03-26
378,2014-03-26 06:21:57,2014-03-26 06:22:06,9.0,0.7,0.7,10,2014-03-26
379,2014-03-26 06:31:39,2014-03-26 06:34:30,171.0,0.7,0.7,164,2014-03-26
380,2014-03-26 06:59:21,2014-03-26 07:02:14,173.0,0.7,0.7,174,2014-03-26
381,2014-03-26 07:13:09,2014-03-26 08:06:06,3177.0,0.8,0.701206529453513,2818,2014-03-26
382,2014-03-26 08:59:51,2014-03-26 09:02:52,181.0,0.7,0.7,8,2014-03-26
383,2014-03-26 16:53:00,2014-03-26 17:03:07,607.0,0.7,0.7,600,2014-03-26
384,2014-03-26 17:16:40,2014-03-26 17:22:39,359.0,0.7,0.7,242,2014-03-26
385,2014-03-26 17:27:12,2014-03-26 17:53:43,1591.0,0.8,0.723730964467005,1576,2014-03-26
386,2014-03-26 18:17:12,2014-03-26 18:47:43,1831.0,0.7,0.7,1780,2014-03-26
387,2014-03-26 19:07:53,2014-03-26 19:26:26,1113.0,0.7,0.7,1082,2014-03-26
388,2014-03-26 19:28:27,2014-03-26 22:28:48,10821.0,0.9,0.7303477754031474,10294,2014-03-26
389,2014-03-27 02:26:13,2014-03-27 02:31:58,345.0,0.7,0.7,330,2014-03-27
390,2014-03-27 02:43:49,2014-03-27 03:05:32,1303.0,0.7,0.7,1304,2014-03-27
391,2014-03-27 03:25:43,2014-03-27 03:30:02,259.0,0.7,0.7,246,2014-03-27
392,2014-03-27 03:33:33,2014-03-27 14:32:58,39565.0,0.9,0.7097433779108793,38734,2014-03-27
393,2014-03-27 14:36:33,2014-03-27 15:41:10,3877.0,0.7,0.7,3186,2014-03-27
394,2014-03-27 15:50:23,2014-03-28 17:42:57,93154.0,0.9,0.7279859320552792,92693,2014-03-27
395,2014-03-28 17:46:55,2014-03-28 17:57:16,621.0,0.7,0.7,558,2014-03-28
396,2014-03-28 18:02:01,2014-03-29 01:08:26,25585.0,2.2,0.7280249743143917,25306,2014-03-28
397,2014-03-29 01:10:29,2014-03-29 01:18:38,489.0,0.7,0.7,320,2014-03-29
398,2014-03-29 01:22:53,2014-03-29 02:19:58,3425.0,0.7,0.7,2496,2014-03-29
399,2014-03-29 02:39:27,2014-03-29 02:47:20,473.0,0.7,0.7,80,2014-03-29
400,2014-03-30 11:30:44,2014-03-30 11:30:45,1.0,0.7,0.7,2,2014-03-30
401,2014-03-30 11:32:50,2014-03-30 11:33:29,39.0,0.7,0.7,14,2014-03-30
402,2014-03-30 11:35:42,2014-03-30 11:41:07,325.0,0.7,0.7,36,2014-03-30
403,2014-03-30 11:54:16,2014-03-30 12:08:55,879.0,0.7,0.7,400,2014-03-30
404,2014-03-30 12:13:44,2014-03-31 05:41:57,62893.0,0.7,0.7,62134,2014-03-30
405,2014-03-31 05:44:04,2014-03-31 06:54:29,4225.0,0.7,0.7,2768,2014-03-31
406,2014-03-31 06:59:08,2014-04-07 00:05:32,579984.0,30.0,0.7704351326357284,576353,2014-03-31
407,2014-04-07 00:07:37,2014-04-07 00:09:26,109.0,0.7,0.7,14,2014-04-07
408,2014-04-07 00:31:11,2014-04-07 00:36:46,335.0,0.7,0.7,102,2014-04-07
409,2014-04-07 00:50:05,2014-04-07 01:00:02,597.0,0.7,0.7,72,2014-04-07
410,2014-04-07 01:23:15,2014-04-07 01:24:02,47.0,0.7,0.6999999999999998,6,2014-04-07
411,2014-04-07 01:26:11,2014-04-07 01:26:24,13.0,0.7,0.7,4,2014-04-07
412,2014-04-07 01:29:11,2014-04-07 02:22:11,3180.0,0.7,0.7,2171,2014-04-07
413,2014-04-07 02:26:04,2014-04-07 02:26:05,1.0,0.7,0.7,2,2014-04-07
414,2014-04-07 02:28:36,2014-04-07 02:51:01,1345.0,0.7,0.7,306,2014-04-07
415,2014-04-07 02:53:22,2014-04-07 02:53:23,1.0,0.7,0.7,2,2014-04-07
416,2014-04-07 03:02:54,2014-04-07 03:45:49,2575.0,0.7,0.7,956,2014-04-07
417,2014-04-07 03:48:02,2014-04-07 03:48:03,1.0,0.7,0.7,2,2014-04-07
418,2014-04-07 03:53:14,2014-04-07 03:54:13,59.0,0.7,0.7,8,2014-04-07
419,2014-04-07 04:04:54,2014-04-07 04:06:41,107.0,0.7,0.7,54,2014-04-07
420,2014-04-07 04:29:52,2014-04-07 06:28:03,7091.0,0.7,0.6999999999999998,6414,2014-04-07
421,2014-04-07 06:30:20,2014-04-07 08:45:07,8087.0,0.8,0.7086021505376343,7812,2014-04-07
422,2014-04-07 08:55:35,2014-04-07 08:56:50,75.0,0.7,0.7,10,2014-04-07
423,2014-04-07 09:00:57,2014-04-07 09:04:22,205.0,0.7,0.7,194,2014-04-07
424,2014-04-07 09:07:11,2014-04-07 10:16:13,4142.0,0.8,0.71014164305949,3530,2014-04-07
425,2014-04-07 10:19:36,2014-04-07 10:29:45,609.0,0.7,0.7,88,2014-04-07
426,2014-04-07 10:31:50,2014-04-07 10:31:53,3.0,0.7,0.7,4,2014-04-07
427,2014-04-07 11:01:01,2014-04-07 11:01:40,39.0,0.7,0.7,10,2014-04-07
428,2014-04-07 12:25:35,2014-04-07 12:33:22,467.0,0.7,0.7,50,2014-04-07
429,2014-04-07 12:46:55,2014-04-07 12:46:56,1.0,0.7,0.7,2,2014-04-07
430,2014-04-07 12:57:15,2014-04-07 13:07:44,629.0,0.7,0.7,342,2014-04-07
431,2014-04-07 13:37:43,2014-04-07 13:54:46,1023.0,0.7,0.7,514,2014-04-07
432,2014-04-07 14:03:49,2014-04-16 12:52:05,773296.0,2.2,0.8078040791403948,773006,2014-04-07
433,2014-04-16 12:55:24,2014-04-16 13:09:21,837.0,0.7,0.7,676,2014-04-16
434,2014-04-16 13:11:36,2014-04-16 13:13:45,129.0,0.7,0.7,76,2014-04-16
435,2014-04-16 13:32:40,2014-04-16 13:38:03,323.0,0.7,0.7,286,2014-04-16
436,2014-04-16 13:53:38,2014-04-16 13:56:17,159.0,0.7,0.7,18,2014-04-16
437,2014-04-16 22:26:31,2014-04-16 22:30:26,235.0,0.7,0.6999999999999998,192,2014-04-16
438,2014-04-16 22:35:31,2014-04-16 22:35:36,5.0,0.7,0.6999999999999998,6,2014-04-16
439,2014-04-16 22:43:37,2014-04-16 23:19:34,2157.0,0.8,0.7252475247524752,2020,2014-04-16
440,2014-04-16 23:38:45,2014-04-17 00:16:58,2293.0,0.8,0.7073858114674441,2058,2014-04-16
441,2014-04-17 00:31:33,2014-04-17 00:42:45,672.0,0.7,0.7,602,2014-04-17
442,2014-04-17 01:11:28,2014-04-17 01:20:53,565.0,0.7,0.7,564,2014-04-17
443,2014-04-17 01:53:12,2014-04-17 02:28:59,2147.0,0.7,0.7,1924,2014-04-17
444,2014-04-17 02:36:22,2014-04-17 02:41:29,307.0,0.7,0.7,26,2014-04-17
445,2014-04-17 02:43:42,2014-04-17 02:43:43,1.0,0.7,0.7,2,2014-04-17
446,2014-04-17 03:08:06,2014-04-17 03:08:09,3.0,0.7,0.7,4,2014-04-17
447,2014-04-17 03:15:16,2014-04-17 03:17:43,147.0,0.7,0.7,22,2014-04-17
448,2014-04-17 03:26:11,2014-04-17 03:37:26,675.0,0.7,0.7,524,2014-04-17
449,2014-04-17 03:44:01,2014-04-17 03:44:02,1.0,0.7,0.7,2,2014-04-17
450,2014-04-17 03:53:05,2014-04-22 20:40:37,492452.0,2.3,0.7881172861496245,491243,2014-04-17
451,2014-04-22 21:01:48,2014-04-22 23:02:43,7255.0,0.7,0.7,2702,2014-04-22
452,2014-04-22 23:04:48,2014-04-22 23:06:11,83.0,0.7,0.7,20,2014-04-22
453,2014-04-22 23:10:52,2014-04-22 23:10:53,1.0,0.7,0.7,2,2014-04-22
454,2014-04-22 23:17:34,2014-04-22 23:17:35,1.0,0.7,0.7,2,2014-04-22
455,2014-04-22 23:21:52,2014-04-22 23:26:35,283.0,0.7,0.7,26,2014-04-22
456,2014-04-22 23:34:06,2014-04-22 23:50:55,1009.0,0.7,0.7,186,2014-04-22
457,2014-04-22 23:53:32,2014-04-23 00:09:31,959.0,0.7,0.7,318,2014-04-22
458,2014-04-23 00:16:52,2014-04-23 01:26:32,4180.0,0.8,0.7031982942430702,3752,2014-04-23
459,2014-04-23 01:33:56,2014-04-23 01:38:09,253.0,0.7,0.6999999999999998,24,2014-04-23
460,2014-04-23 01:49:56,2014-04-23 01:51:15,79.0,0.7,0.7,20,2014-04-23
461,2014-04-23 01:53:34,2014-04-23 02:17:59,1465.0,0.7,0.7,734,2014-04-23
462,2014-04-23 02:20:44,2014-04-23 02:32:32,708.0,0.7,0.7,593,2014-04-23
463,2014-04-23 02:36:08,2014-04-23 02:52:27,979.0,0.7,0.7,832,2014-04-23
464,2014-04-23 02:56:18,2014-04-23 03:54:36,3498.0,0.7,0.7,3403,2014-04-23
465,2014-04-23 04:00:23,2014-04-23 04:00:24,1.0,0.7,0.7,2,2014-04-23
466,2014-04-23 04:14:53,2014-04-23 05:37:18,4945.0,0.8,0.7084140969162995,4540,2014-04-23
467,2014-04-23 05:39:48,2014-04-23 05:53:51,843.0,0.7,0.7,628,2014-04-23
468,2014-04-23 05:58:16,2014-04-23 06:02:49,273.0,0.8,0.7007299270072993,274,2014-04-23
469,2014-04-23 06:21:26,2014-04-23 06:33:37,731.0,0.7,0.7,642,2014-04-23
470,2014-04-23 06:48:00,2014-04-23 06:59:29,689.0,0.7,0.7,526,2014-04-23
471,2014-04-23 07:08:32,2014-04-23 07:31:09,1357.0,0.7,0.7,958,2014-04-23
472,2014-04-23 09:10:58,2014-04-23 09:12:09,71.0,0.7,0.6999999999999998,6,2014-04-23
473,2014-04-23 20:00:05,2014-04-23 20:08:16,491.0,0.7,0.6999999999999998,414,2014-04-23
474,2014-04-23 20:13:59,2014-04-24 01:15:50,18111.0,0.8,0.7104567901234567,16200,2014-04-23
475,2014-04-24 01:20:23,2014-04-24 01:22:04,101.0,0.7,0.6999999999999998,6,2014-04-24
476,2014-04-24 01:24:35,2014-04-24 02:31:26,4011.0,0.7,0.7,3004,2014-04-24
477,2014-04-24 02:33:31,2014-04-24 02:33:32,1.0,0.7,0.7,2,2014-04-24
478,2014-04-24 02:42:27,2014-04-24 02:45:58,211.0,0.7,0.7,40,2014-04-24
479,2014-04-24 02:48:33,2014-04-24 02:49:20,47.0,0.7,0.6999999999999998,12,2014-04-24
480,2014-04-24 02:53:02,2014-04-24 03:15:28,1346.0,0.7,0.7,827,2014-04-24
481,2014-04-24 03:18:07,2014-04-24 06:15:35,10648.0,0.8,0.7116031120929786,10411,2014-04-24
482,2014-04-24 06:18:30,2014-04-24 06:28:17,587.0,0.7,0.6999999999999998,454,2014-04-24
483,2014-04-24 06:31:04,2014-04-24 10:36:41,14737.0,0.8,0.700044014084507,13632,2014-04-24
484,2014-04-24 10:45:42,2014-04-24 10:47:21,99.0,0.7,0.6999999999999998,6,2014-04-24
485,2014-04-24 10:57:32,2014-04-24 11:07:57,625.0,0.7,0.6999999999999998,212,2014-04-24
486,2014-04-24 11:09:58,2014-04-24 11:29:07,1149.0,0.7,0.6999999999999998,414,2014-04-24
487,2014-04-24 11:36:16,2014-04-24 11:37:09,53.0,0.7,0.6999999999999998,12,2014-04-24
488,2014-04-24 11:41:44,2014-04-24 11:43:09,85.0,0.7,0.6999999999999998,6,2014-04-24
489,2014-04-24 12:10:56,2014-04-24 12:10:57,1.0,0.7,0.7,2,2014-04-24
490,2014-04-24 12:16:53,2014-04-24 12:21:04,251.0,0.7,0.7,22,2014-04-24
491,2014-04-24 12:25:22,2014-04-24 12:25:23,1.0,0.7,0.7,2,2014-04-24
492,2014-04-24 12:28:20,2014-04-24 12:29:29,69.0,0.7,0.7,22,2014-04-24
493,2014-04-24 12:39:56,2014-04-24 12:39:59,3.0,0.7,0.7,4,2014-04-24
494,2014-04-24 12:51:38,2014-04-24 12:51:41,3.0,0.7,0.7,4,2014-04-24
495,2014-04-24 12:56:50,2014-04-24 13:00:45,235.0,0.7,0.7,30,2014-04-24
496,2014-04-24 13:03:34,2014-04-24 13:07:49,255.0,0.7,0.7,28,2014-04-24
497,2014-04-24 13:13:58,2014-04-24 13:15:15,77.0,0.7,0.7,8,2014-04-24
498,2014-04-24 13:21:08,2014-04-24 13:22:33,85.0,0.7,0.7,10,2014-04-24
499,2014-04-24 13:27:08,2014-04-24 13:27:09,1.0,0.7,0.7,2,2014-04-24
500,2014-04-24 13:35:06,2014-04-24 13:35:07,1.0,0.7,0.7,2,2014-04-24
501,2014-04-24 13:59:14,2014-04-24 14:05:51,397.0,0.7,0.7,46,2014-04-24
502,2014-04-24 14:08:10,2014-04-24 14:08:11,1.0,0.7,0.7,2,2014-04-24
503,2014-04-24 14:10:34,2014-04-24 14:12:19,105.0,0.7,0.7,8,2014-04-24
504,2014-04-24 14:57:00,2014-04-24 14:57:03,3.0,0.7,0.7,4,2014-04-24
505,2014-04-24 14:59:44,2014-04-24 16:50:00,6616.0,0.7,0.7,3478,2014-04-24
506,2014-04-24 16:52:27,2014-04-24 18:33:52,6085.0,0.7,0.7,4106,2014-04-24
507,2014-04-24 18:37:55,2014-04-24 18:38:42,47.0,0.7,0.7,4,2014-04-24
508,2014-04-24 18:51:03,2014-04-24 18:53:16,133.0,0.7,0.6999999999999998,12,2014-04-24
509,2014-04-24 18:57:13,2014-04-24 18:57:14,1.0,0.7,0.7,2,2014-04-24
510,2014-04-24 18:59:33,2014-04-24 18:59:34,1.0,0.7,0.7,2,2014-04-24
511,2014-04-24 19:04:25,2014-04-26 13:11:44,151639.0,0.9,0.7821377293273066,150440,2014-04-24
512,2014-04-26 13:18:25,2014-04-28 18:11:00,190355.0,30.0,0.7862867268176752,190188,2014-04-26
513,2014-04-28 18:51:57,2014-04-30 20:54:51,180174.0,0.8,0.7005005154048791,174620,2014-04-28
514,2014-04-30 21:00:02,2014-04-30 21:02:13,131.0,0.7,0.7,14,2014-04-30
515,2014-04-30 21:14:30,2014-05-01 00:11:26,10616.0,0.7,0.7,5230,2014-04-30
516,2014-05-01 00:13:31,2014-05-01 02:12:52,7161.0,0.7,0.7,2888,2014-05-01
517,2014-05-01 02:15:19,2014-05-01 02:15:20,1.0,0.7,0.7,2,2014-05-01
518,2014-05-01 02:19:27,2014-05-01 02:19:30,3.0,0.7,0.7,4,2014-05-01
519,2014-05-01 02:24:01,2014-05-01 02:25:48,107.0,0.7,0.7,16,2014-05-01
520,2014-05-01 02:28:03,2014-05-01 02:28:06,3.0,0.7,0.7,4,2014-05-01
521,2014-05-01 02:30:35,2014-05-01 02:30:38,3.0,0.7,0.7,4,2014-05-01
522,2014-05-01 02:34:15,2014-05-01 03:32:10,3475.0,0.7,0.7,1708,2014-05-01
523,2014-05-01 03:34:51,2014-05-01 03:38:50,239.0,0.7,0.7,22,2014-05-01
524,2014-05-01 03:41:21,2014-05-01 05:00:46,4765.0,0.7,0.7,1336,2014-05-01
525,2014-05-01 05:26:26,2014-05-01 05:26:27,1.0,0.7,0.7,2,2014-05-01
526,2014-05-01 05:30:14,2014-05-01 05:34:55,281.0,0.7,0.7,14,2014-05-01
527,2014-05-01 05:37:40,2014-05-01 05:55:27,1067.0,0.7,0.7,162,2014-05-01
528,2014-05-01 05:59:16,2014-05-01 06:00:19,63.0,0.7,0.7,14,2014-05-01
529,2014-05-01 06:20:16,2014-05-01 06:20:17,1.0,0.7,0.7,2,2014-05-01
530,2014-05-01 07:55:56,2014-05-01 07:56:07,11.0,0.7,0.7,4,2014-05-01
531,2014-05-01 07:58:26,2014-05-01 08:00:57,151.0,0.7,0.7,16,2014-05-01
532,2014-05-01 09:07:40,2014-05-01 09:19:43,723.0,0.7,0.7,64,2014-05-01
533,2014-05-01 09:22:14,2014-05-01 09:39:41,1047.0,0.7,0.7,166,2014-05-01
534,2014-05-01 09:42:19,2014-05-01 10:12:11,1792.0,0.7,0.6999999999999998,222,2014-05-01
535,2014-05-01 10:15:40,2014-05-01 10:18:25,165.0,0.7,0.7,20,2014-05-01
536,2014-05-01 10:20:32,2014-05-01 10:23:13,161.0,0.7,0.7,18,2014-05-01
537,2014-05-01 10:26:40,2014-05-01 10:26:43,3.0,0.7,0.7,4,2014-05-01
538,2014-05-01 10:40:06,2014-05-01 10:40:07,1.0,0.7,0.7,2,2014-05-01
539,2014-05-01 11:14:06,2014-05-01 11:14:09,3.0,0.7,0.7,4,2014-05-01
540,2014-05-01 11:27:18,2014-05-01 11:29:59,161.0,0.7,0.7,8,2014-05-01
541,2014-05-01 11:37:10,2014-05-01 11:37:17,7.0,0.7,0.7,8,2014-05-01
542,2014-05-01 11:40:40,2014-05-01 11:50:49,609.0,0.7,0.7,52,2014-05-01
543,2014-05-01 11:54:08,2014-05-01 11:54:09,1.0,0.7,0.7,2,2014-05-01
544,2014-05-01 11:57:10,2014-05-01 12:00:21,191.0,0.7,0.7,36,2014-05-01
545,2014-05-01 12:05:50,2014-05-01 12:06:03,13.0,0.7,0.7,10,2014-05-01
546,2014-05-01 12:08:04,2014-05-01 12:08:05,1.0,0.7,0.7,2,2014-05-01
547,2014-05-01 12:11:06,2014-05-01 12:15:27,261.0,0.7,0.7,26,2014-05-01
548,2014-05-01 12:18:10,2014-05-01 12:20:51,161.0,0.7,0.7,22,2014-05-01
549,2014-05-01 12:23:58,2014-05-01 12:24:35,37.0,0.7,0.6999999999999998,12,2014-05-01
550,2014-05-01 12:30:44,2014-05-01 12:30:57,13.0,0.7,0.7,8,2014-05-01
551,2014-05-01 13:28:45,2014-05-01 13:28:48,3.0,0.7,0.7,4,2014-05-01
552,2014-05-01 13:44:37,2014-05-01 13:44:38,1.0,0.7,0.7,2,2014-05-01
553,2014-05-01 13:46:43,2014-05-01 13:48:52,129.0,0.7,0.7,14,2014-05-01
554,2014-05-01 13:51:05,2014-05-01 14:01:20,615.0,0.7,0.7,56,2014-05-01
555,2014-05-01 14:04:59,2014-05-01 14:05:02,3.0,0.7,0.7,4,2014-05-01
556,2014-05-01 14:07:15,2014-05-01 14:11:20,245.0,0.7,0.7,44,2014-05-01
557,2014-05-01 14:15:01,2014-05-01 14:16:46,105.0,0.7,0.7,8,2014-05-01
558,2014-05-01 14:25:25,2014-05-01 14:25:26,1.0,0.7,0.7,2,2014-05-01
559,2014-05-01 14:40:15,2014-05-01 14:40:20,5.0,0.7,0.6999999999999998,6,2014-05-01
560,2014-05-01 14:49:51,2014-05-01 14:52:36,165.0,0.7,0.7,18,2014-05-01
561,2014-05-01 14:55:09,2014-05-01 15:32:30,2241.0,0.7,0.7,610,2014-05-01
562,2014-05-01 15:35:11,2014-05-01 15:38:18,187.0,0.7,0.7,18,2014-05-01
563,2014-05-01 15:41:03,2014-05-01 15:59:44,1121.0,0.7,0.6999999999999998,202,2014-05-01
564,2014-05-01 16:02:23,2014-05-01 16:11:00,517.0,0.7,0.7,68,2014-05-01
565,2014-05-01 16:13:59,2014-05-01 16:14:48,49.0,0.7,0.7,8,2014-05-01
566,2014-05-01 16:18:03,2014-05-01 17:52:21,5658.0,0.7,0.7,1810,2014-05-01
567,2014-05-01 17:55:32,2014-05-01 17:57:27,115.0,0.7,0.7,18,2014-05-01
568,2014-05-01 17:59:52,2014-05-01 18:02:05,133.0,0.7,0.7,20,2014-05-01
569,2014-05-01 18:04:38,2014-05-01 18:08:07,209.0,0.7,0.7,26,2014-05-01
570,2014-05-01 18:10:52,2014-05-01 18:11:01,9.0,0.7,0.7,8,2014-05-01
571,2014-05-01 18:13:32,2014-05-01 18:15:35,123.0,0.7,0.7,38,2014-05-01
572,2014-05-01 18:19:34,2014-05-01 18:26:41,427.0,0.7,0.7,36,2014-05-01
573,2014-05-01 18:40:12,2014-05-01 18:40:35,23.0,0.7,0.7,4,2014-05-01
574,2014-05-01 18:47:36,2014-05-01 18:47:39,3.0,0.7,0.7,4,2014-05-01
575,2014-05-01 18:52:34,2014-05-01 18:52:37,3.0,0.7,0.7,4,2014-05-01
576,2014-05-01 19:02:38,2014-05-01 19:04:41,123.0,0.7,0.6999999999999998,12,2014-05-01
577,2014-05-01 19:08:18,2014-05-01 19:08:19,1.0,0.7,0.7,2,2014-05-01
578,2014-05-01 19:10:50,2014-05-01 19:10:55,5.0,0.7,0.6999999999999998,6,2014-05-01
579,2014-05-01 19:13:30,2014-05-01 19:14:15,45.0,0.7,0.6999999999999998,12,2014-05-01
580,2014-05-01 19:16:34,2014-05-01 19:20:09,215.0,0.7,0.7,26,2014-05-01
581,2014-05-01 19:22:34,2014-05-01 19:28:17,343.0,0.7,0.7,38,2014-05-01
582,2014-05-01 19:31:56,2014-05-01 19:32:01,5.0,0.7,0.6999999999999998,6,2014-05-01
583,2014-05-01 19:39:28,2014-05-01 19:40:23,55.0,0.7,0.7,4,2014-05-01
584,2014-05-01 19:49:30,2014-05-01 19:49:33,3.0,0.7,0.7,4,2014-05-01
585,2014-05-01 19:53:34,2014-05-01 19:56:11,157.0,0.7,0.6999999999999998,6,2014-05-01
586,2014-05-01 23:30:52,2014-05-01 23:30:59,7.0,0.7,0.6999999999999998,6,2014-05-01
587,2014-05-01 23:33:02,2014-05-01 23:33:05,3.0,0.7,0.7,4,2014-05-01
588,2014-05-01 23:40:40,2014-05-01 23:41:35,55.0,0.7,0.6999999999999998,12,2014-05-01
589,2014-05-01 23:52:42,2014-05-01 23:52:45,3.0,0.7,0.7,4,2014-05-01
590,2014-05-01 23:55:44,2014-05-01 23:55:45,1.0,0.7,0.7,2,2014-05-01
591,2014-05-02 00:03:18,2014-05-02 00:15:24,726.0,0.7,0.7,138,2014-05-02
592,2014-05-02 00:20:09,2014-05-02 00:21:48,99.0,0.7,0.6999999999999998,6,2014-05-02
593,2014-05-02 00:24:50,2014-05-02 00:24:51,1.0,0.7,0.7,2,2014-05-02
594,2014-05-02 00:41:14,2014-05-02 00:41:17,3.0,0.7,0.7,4,2014-05-02
595,2014-05-02 01:00:49,2014-05-02 01:00:52,3.0,0.7,0.7,4,2014-05-02
596,2014-05-02 01:10:30,2014-05-02 01:10:31,1.0,0.7,0.7,2,2014-05-02
597,2014-05-02 01:26:50,2014-05-02 01:26:53,3.0,0.7,0.7,4,2014-05-02
598,2014-05-02 01:28:56,2014-05-02 01:28:57,1.0,0.7,0.7,2,2014-05-02
599,2014-05-02 01:31:34,2014-05-02 01:32:39,65.0,0.7,0.7,10,2014-05-02
600,2014-05-02 01:36:14,2014-05-02 01:36:25,11.0,0.7,0.7,10,2014-05-02
601,2014-05-02 01:40:03,2014-05-02 01:41:58,115.0,0.7,0.7,8,2014-05-02
602,2014-05-02 02:21:33,2014-05-02 02:21:44,11.0,0.7,0.6999999999999998,12,2014-05-02
603,2014-05-02 02:30:59,2014-05-02 02:32:10,71.0,0.7,0.7,8,2014-05-02
604,2014-05-02 02:34:45,2014-05-02 02:36:14,89.0,0.7,0.7,10,2014-05-02
605,2014-05-02 02:39:07,2014-05-02 02:45:58,411.0,0.7,0.7,66,2014-05-02
606,2014-05-02 02:51:41,2014-05-02 02:51:44,3.0,0.7,0.7,4,2014-05-02
607,2014-05-02 02:54:55,2014-05-02 03:04:22,567.0,0.7,0.7,58,2014-05-02
608,2014-05-02 03:06:25,2014-05-02 03:12:18,353.0,0.7,0.7,74,2014-05-02
609,2014-05-02 03:14:41,2014-05-02 03:14:54,13.0,0.7,0.7,14,2014-05-02
610,2014-05-02 03:21:21,2014-05-02 03:23:18,117.0,0.7,0.7,10,2014-05-02
611,2014-05-02 03:28:41,2014-05-02 03:31:22,161.0,0.7,0.6999999999999998,12,2014-05-02
612,2014-05-02 03:34:17,2014-05-02 03:34:28,11.0,0.7,0.6999999999999998,12,2014-05-02
613,2014-05-02 04:11:41,2014-05-02 04:11:42,1.0,0.7,0.7,2,2014-05-02
614,2014-05-02 04:16:19,2014-05-02 04:16:22,3.0,0.7,0.7,4,2014-05-02
615,2014-05-02 04:28:21,2014-05-02 04:28:22,1.0,0.7,0.7,2,2014-05-02
616,2014-05-02 04:41:13,2014-05-02 04:41:16,3.0,0.7,0.7,4,2014-05-02
617,2014-05-02 04:49:01,2014-05-02 04:49:04,3.0,0.7,0.7,4,2014-05-02
618,2014-05-02 04:58:47,2014-05-02 04:58:50,3.0,0.7,0.7,4,2014-05-02
619,2014-05-06 10:30:41,2014-05-06 10:32:28,107.0,2.3,2.1621621621621623,74,2014-05-06
620,2014-05-07 04:21:14,2014-05-07 04:35:21,847.0,0.7,0.7,376,2014-05-07
621,2014-05-07 05:41:11,2014-05-07 05:42:40,89.0,0.7,0.6999999999999998,6,2014-05-07
622,2014-05-07 05:52:45,2014-05-07 05:54:48,123.0,0.7,0.7,10,2014-05-07
623,2014-05-07 06:22:51,2014-05-07 06:25:35,164.0,0.7,0.7,45,2014-05-07
624,2014-05-07 06:52:12,2014-05-07 06:54:27,135.0,0.7,0.7,76,2014-05-07
625,2014-05-07 07:11:34,2014-05-07 07:11:37,3.0,0.7,0.7,4,2014-05-07
626,2014-05-07 10:39:46,2014-05-07 10:41:45,119.0,0.7,0.7,8,2014-05-07
627,2014-05-07 10:44:18,2014-05-07 10:44:21,3.0,0.7,0.7,4,2014-05-07
628,2014-05-07 11:38:20,2014-05-07 11:38:23,3.0,0.7,0.7,4,2014-05-07
629,2014-05-07 19:48:32,2014-05-07 19:49:13,41.0,0.7,0.6999999999999998,12,2014-05-07
630,2014-05-07 20:03:48,2014-05-07 20:04:15,27.0,0.7,0.7,28,2014-05-07
631,2014-05-07 21:58:55,2014-05-07 22:20:02,1267.0,0.7,0.7,700,2014-05-07
632,2014-05-07 22:22:37,2014-05-07 22:22:44,7.0,0.7,0.7,8,2014-05-07
633,2014-05-07 22:55:01,2014-05-07 22:56:14,73.0,0.7,0.7,20,2014-05-07
634,2014-05-07 23:00:27,2014-05-07 23:08:02,455.0,0.7,0.7,362,2014-05-07
635,2014-05-08 03:07:53,2014-05-08 03:08:42,49.0,0.7,0.7,8,2014-05-08
636,2014-05-08 03:13:29,2014-05-08 03:13:30,1.0,0.7,0.7,2,2014-05-08
637,2014-05-08 03:16:31,2014-05-08 03:17:34,63.0,0.7,0.7,14,2014-05-08
638,2014-05-08 04:01:41,2014-05-08 04:15:44,843.0,0.7,0.7,630,2014-05-08
639,2014-05-08 04:18:35,2014-05-08 04:29:10,635.0,0.7,0.7,528,2014-05-08
640,2014-05-08 04:33:43,2014-05-08 04:35:18,95.0,0.7,0.6999999999999998,12,2014-05-08
641,2014-05-08 05:08:26,2014-05-08 05:22:27,841.0,0.7,0.7,634,2014-05-08
642,2014-05-08 05:26:36,2014-05-08 05:52:51,1575.0,0.7,0.7,1107,2014-05-08
643,2014-05-08 06:15:59,2014-05-08 06:19:58,239.0,0.7,0.7,228,2014-05-08
644,2014-05-08 06:24:53,2014-05-08 06:25:34,41.0,0.7,0.7,20,2014-05-08
645,2014-05-08 07:19:03,2014-05-08 07:25:26,383.0,0.7,0.7,364,2014-05-08
646,2014-05-08 19:55:26,2014-05-08 19:57:31,125.0,0.7,0.7,26,2014-05-08
647,2014-05-08 23:40:05,2014-05-08 23:47:40,455.0,0.7,0.7,448,2014-05-08
648,2014-05-09 00:21:15,2014-05-09 00:26:02,287.0,0.7,0.7,282,2014-05-09
649,2014-05-09 00:37:07,2014-05-09 00:40:38,211.0,0.7,0.7,164,2014-05-09
650,2014-05-09 02:11:44,2014-05-09 02:17:19,335.0,0.7,0.7,232,2014-05-09
651,2014-05-09 02:27:32,2014-05-09 02:39:15,703.0,0.7,0.7,622,2014-05-09
652,2014-05-09 02:52:44,2014-05-09 02:53:39,55.0,0.7,0.6999999999999998,24,2014-05-09
653,2014-05-09 03:09:30,2014-05-09 03:11:41,131.0,0.7,0.7,34,2014-05-09
654,2014-05-09 03:19:56,2014-05-09 04:03:35,2619.0,0.7,0.7,2564,2014-05-09
655,2014-05-09 04:11:40,2014-05-09 04:32:13,1233.0,0.7,0.7,1150,2014-05-09
656,2014-05-09 04:48:10,2014-05-09 04:52:33,263.0,0.7,0.7,216,2014-05-09
657,2014-05-09 04:55:26,2014-05-09 05:18:04,1358.0,0.7,0.7,1349,2014-05-09
658,2014-05-09 05:35:22,2014-05-09 05:38:13,171.0,0.7,0.7,156,2014-05-09
659,2014-05-09 06:10:02,2014-05-09 06:45:43,2141.0,0.7,0.7,2106,2014-05-09
660,2014-05-09 11:33:25,2014-05-09 11:41:24,479.0,0.7,0.7,408,2014-05-09
661,2014-05-09 11:47:59,2014-05-09 12:17:14,1755.0,0.7,0.7,1448,2014-05-09
662,2014-05-09 12:22:57,2014-05-09 12:24:44,107.0,0.7,0.7,18,2014-05-09
663,2014-05-09 13:34:03,2014-05-09 13:35:16,73.0,0.7,0.7,18,2014-05-09
664,2014-05-09 13:41:17,2014-05-09 13:41:18,1.0,0.7,0.7,2,2014-05-09
665,2014-05-09 13:46:01,2014-05-09 13:46:04,3.0,0.7,0.7,4,2014-05-09
666,2014-05-09 13:48:29,2014-05-09 13:50:48,139.0,0.7,0.7,10,2014-05-09
667,2014-05-09 13:53:55,2014-05-09 14:10:10,975.0,0.7,0.7,298,2014-05-09
668,2014-05-09 14:14:07,2014-05-09 14:16:34,147.0,0.7,0.7,10,2014-05-09
669,2014-05-09 15:02:21,2014-05-09 15:02:22,1.0,0.7,0.7,2,2014-05-09
670,2014-05-09 15:04:53,2014-05-09 15:04:54,1.0,0.7,0.7,2,2014-05-09
671,2014-05-09 15:12:26,2014-05-09 15:12:46,20.0,0.7,0.7,8,2014-05-09
672,2014-05-09 15:17:23,2014-05-09 15:19:07,104.0,0.7,0.7,10,2014-05-09
673,2014-05-09 15:21:30,2014-05-09 15:22:15,45.0,0.7,0.6999999999999998,6,2014-05-09
674,2014-05-09 15:26:30,2014-05-09 15:28:25,115.0,0.7,0.7,10,2014-05-09
675,2014-05-09 15:31:18,2014-05-09 15:32:19,61.0,0.7,0.7,14,2014-05-09
676,2014-05-09 15:36:54,2014-05-09 15:42:05,311.0,0.7,0.7,28,2014-05-09
677,2014-05-09 15:45:36,2014-05-09 15:51:31,355.0,0.7,0.7,56,2014-05-09
678,2014-05-09 15:54:22,2014-05-09 16:04:15,593.0,0.7,0.7,142,2014-05-09
679,2014-05-09 16:07:56,2014-05-09 16:10:43,167.0,0.7,0.7,14,2014-05-09
680,2014-05-09 16:13:10,2014-05-09 16:13:17,7.0,0.7,0.7,8,2014-05-09
681,2014-05-09 16:21:12,2014-05-09 16:23:57,165.0,0.7,0.7,34,2014-05-09
682,2014-05-09 16:27:58,2014-05-09 16:34:01,363.0,0.7,0.7,44,2014-05-09
683,2014-05-09 16:36:22,2014-05-09 16:48:49,747.0,0.7,0.7,254,2014-05-09
684,2014-05-09 16:51:28,2014-05-09 17:06:05,877.0,0.7,0.7,162,2014-05-09
685,2014-05-09 17:10:18,2014-05-09 18:26:37,4579.0,0.7,0.7,1690,2014-05-09
686,2014-05-09 18:31:22,2014-05-09 19:02:37,1875.0,0.7,0.7,438,2014-05-09
687,2014-05-09 19:21:22,2014-05-09 19:21:27,5.0,0.7,0.6999999999999998,6,2014-05-09
688,2014-05-09 19:28:43,2014-05-09 19:28:46,3.0,0.7,0.7,4,2014-05-09
689,2014-05-09 20:00:55,2014-05-09 20:01:00,5.0,0.7,0.6999999999999998,6,2014-05-09
690,2014-05-09 20:07:49,2014-05-09 20:36:22,1713.0,0.7,0.7,1612,2014-05-09
691,2014-05-09 20:47:11,2014-05-09 20:49:22,131.0,0.7,0.7,34,2014-05-09
692,2014-05-09 21:11:24,2014-05-09 21:32:01,1237.0,0.7,0.7,1028,2014-05-09
693,2014-05-09 21:34:26,2014-05-09 21:34:47,21.0,0.7,0.6999999999999998,12,2014-05-09
694,2014-05-09 21:36:52,2014-05-09 21:36:57,5.0,0.7,0.6999999999999998,6,2014-05-09
695,2014-05-09 21:44:10,2014-05-09 22:10:21,1571.0,0.8,0.7155887230514096,1206,2014-05-09
696,2014-05-09 22:43:38,2014-05-09 22:46:41,183.0,0.7,0.7,86,2014-05-09
697,2014-05-09 22:49:02,2014-05-09 22:57:15,493.0,0.7,0.7,428,2014-05-09
698,2014-05-09 23:13:18,2014-05-09 23:34:17,1259.0,0.7,0.7,1060,2014-05-09
699,2014-05-09 23:43:12,2014-05-10 00:44:43,3691.0,0.7,0.7,3296,2014-05-09
700,2014-05-10 00:54:06,2014-05-10 00:54:13,7.0,0.7,0.7,8,2014-05-10
701,2014-05-10 01:02:04,2014-05-10 01:02:09,5.0,0.7,0.6999999999999998,6,2014-05-10
702,2014-05-10 01:27:04,2014-05-10 02:10:31,2607.0,0.7,0.6999999999999998,1706,2014-05-10
703,2014-05-10 02:21:24,2014-05-10 02:39:21,1077.0,0.7,0.7,1018,2014-05-10
704,2014-05-10 02:59:04,2014-05-10 05:30:31,9087.0,0.8,0.7102415966386555,7616,2014-05-10
705,2014-05-10 05:34:28,2014-05-10 08:00:10,8742.0,0.8,0.7038343558282207,7824,2014-05-10
706,2014-05-10 08:08:55,2014-05-10 08:08:56,1.0,0.7,0.7,2,2014-05-10
707,2014-05-10 08:11:33,2014-05-10 08:16:22,289.0,0.7,0.6999999999999998,24,2014-05-10
708,2014-05-10 08:20:19,2014-05-10 09:09:23,2944.0,0.7,0.7,1618,2014-05-10
709,2014-05-10 09:12:40,2014-05-10 09:12:43,3.0,0.7,0.7,4,2014-05-10
710,2014-05-10 09:23:38,2014-05-10 09:29:01,323.0,0.7,0.7,64,2014-05-10
711,2014-05-10 09:33:54,2014-05-10 09:40:43,409.0,0.7,0.7,44,2014-05-10
712,2014-05-10 09:42:46,2014-05-10 10:38:27,3341.0,0.7,0.7,1694,2014-05-10
713,2014-05-10 10:40:42,2014-05-10 10:42:05,83.0,0.7,0.7,8,2014-05-10
714,2014-05-10 10:44:30,2014-05-10 10:48:15,225.0,0.7,0.6999999999999998,12,2014-05-10
715,2014-05-10 12:08:47,2014-05-10 12:08:50,3.0,0.7,0.7,4,2014-05-10
716,2014-05-10 12:13:39,2014-05-10 12:13:50,11.0,0.7,0.6999999999999998,6,2014-05-10
717,2014-05-10 13:21:31,2014-05-10 13:21:32,1.0,0.7,0.7,2,2014-05-10
718,2014-05-10 13:24:49,2014-05-10 13:24:50,1.0,0.7,0.7,2,2014-05-10
719,2014-05-10 13:50:09,2014-05-10 13:50:10,1.0,0.7,0.7,2,2014-05-10
720,2014-05-10 13:53:05,2014-05-10 13:53:32,27.0,0.7,0.7,4,2014-05-10
721,2014-05-10 13:56:27,2014-05-10 13:56:28,1.0,0.7,0.7,2,2014-05-10
722,2014-05-10 14:06:59,2014-05-10 14:07:02,3.0,0.7,0.7,4,2014-05-10
723,2014-05-10 14:10:13,2014-05-10 14:11:44,91.0,0.7,0.7,8,2014-05-10
724,2014-05-10 14:14:09,2014-05-10 14:16:56,167.0,0.7,0.6999999999999998,24,2014-05-10
725,2014-05-10 14:22:57,2014-05-10 14:24:37,100.0,0.7,0.6999999999999998,6,2014-05-10
726,2014-05-10 14:27:20,2014-05-10 14:28:31,71.0,0.7,0.7,4,2014-05-10
727,2014-05-10 14:31:10,2014-05-10 14:33:41,151.0,0.7,0.7,34,2014-05-10
728,2014-05-10 14:35:44,2014-05-10 14:36:37,53.0,0.7,0.7,8,2014-05-10
729,2014-05-10 15:02:24,2014-05-10 15:02:25,1.0,0.7,0.7,2,2014-05-10
730,2014-05-10 15:43:42,2014-05-10 15:45:37,115.0,0.7,0.6999999999999998,12,2014-05-10
731,2014-05-10 15:47:58,2014-05-10 15:47:59,1.0,0.7,0.7,2,2014-05-10
732,2014-05-10 15:50:30,2014-05-10 15:51:37,67.0,0.7,0.7,8,2014-05-10
733,2014-05-10 15:53:52,2014-05-10 15:56:35,163.0,0.7,0.7,18,2014-05-10
734,2014-05-10 15:58:42,2014-05-10 16:02:27,225.0,0.7,0.7,32,2014-05-10
735,2014-05-10 16:16:34,2014-05-10 16:16:35,1.0,0.7,0.7,2,2014-05-10
736,2014-05-10 16:25:50,2014-05-10 16:28:05,135.0,0.7,0.6999999999999998,6,2014-05-10
737,2014-05-10 16:33:04,2014-05-10 16:33:07,3.0,0.7,0.7,4,2014-05-10
738,2014-05-10 21:53:29,2014-05-10 21:53:34,5.0,0.7,0.6999999999999998,6,2014-05-10
739,2014-05-10 21:57:55,2014-05-10 21:57:56,1.0,0.7,0.7,2,2014-05-10
740,2014-05-10 22:00:29,2014-05-10 22:00:30,1.0,0.7,0.7,2,2014-05-10
741,2014-05-10 22:03:31,2014-05-10 22:06:06,155.0,0.7,0.7,32,2014-05-10
742,2014-05-10 22:08:29,2014-05-10 22:08:32,3.0,0.7,0.7,4,2014-05-10
743,2014-05-10 22:10:59,2014-05-10 22:17:54,415.0,0.7,0.7,38,2014-05-10
744,2014-05-10 22:20:13,2014-05-10 22:34:04,831.0,0.7,0.6999999999999998,192,2014-05-10
745,2014-05-10 22:36:51,2014-05-10 22:47:36,645.0,0.7,0.7,146,2014-05-10
746,2014-05-10 22:49:43,2014-05-11 14:19:37,55794.0,0.7,0.7,52564,2014-05-10
747,2014-05-11 14:23:36,2014-05-11 14:41:51,1095.0,0.7,0.7,448,2014-05-11
748,2014-05-11 14:59:50,2014-05-11 15:20:51,1261.0,0.7,0.7,230,2014-05-11
749,2014-05-11 15:24:00,2014-05-11 15:24:01,1.0,0.7,0.7,2,2014-05-11
750,2014-05-11 15:26:48,2014-05-11 15:26:49,1.0,0.7,0.7,2,2014-05-11
751,2014-05-11 15:30:48,2014-05-11 15:33:15,147.0,0.7,0.7,18,2014-05-11
752,2014-05-11 16:05:00,2014-05-11 16:21:09,969.0,0.7,0.7,542,2014-05-11
753,2014-05-11 16:42:29,2014-05-11 16:42:30,1.0,0.7,0.7,2,2014-05-11
754,2014-05-11 16:47:32,2014-05-11 17:03:44,972.0,0.7,0.7,257,2014-05-11
755,2014-05-11 17:06:21,2014-05-11 17:08:00,99.0,0.7,0.6999999999999998,12,2014-05-11
756,2014-05-11 17:12:29,2014-05-11 17:12:30,1.0,0.7,0.7,2,2014-05-11
757,2014-05-11 17:32:39,2014-05-11 17:33:32,53.0,0.7,0.7,10,2014-05-11
758,2014-05-11 18:35:02,2014-05-11 18:36:49,107.0,0.7,0.6999999999999998,6,2014-05-11
759,2014-05-11 18:45:26,2014-05-11 19:08:11,1365.0,0.7,0.7,406,2014-05-11
760,2014-05-11 19:11:18,2014-05-11 20:07:57,3399.0,0.7,0.7,1730,2014-05-11
761,2014-05-11 20:15:42,2014-05-11 20:17:17,95.0,0.7,0.6999999999999998,12,2014-05-11
762,2014-05-11 20:22:10,2014-05-11 20:25:05,175.0,0.7,0.7,20,2014-05-11
763,2014-05-11 20:31:02,2014-05-11 20:31:05,3.0,0.7,0.7,4,2014-05-11
764,2014-05-11 21:25:06,2014-05-11 21:26:13,67.0,0.7,0.7,4,2014-05-11
765,2014-05-11 21:28:52,2014-05-11 21:28:53,1.0,0.7,0.7,2,2014-05-11
766,2014-05-11 21:42:22,2014-05-11 21:42:23,1.0,0.7,0.7,2,2014-05-11
767,2014-05-11 21:47:50,2014-05-11 21:49:11,81.0,0.7,0.6999999999999998,6,2014-05-11
768,2014-05-11 21:51:40,2014-05-11 21:54:59,199.0,0.7,0.7,10,2014-05-11
769,2014-05-11 21:58:40,2014-05-11 21:58:45,5.0,0.7,0.6999999999999998,6,2014-05-11
770,2014-05-11 22:01:02,2014-05-11 22:02:21,79.0,0.7,0.7,10,2014-05-11
771,2014-05-11 22:07:00,2014-05-11 22:08:23,83.0,0.7,0.7,8,2014-05-11
772,2014-05-11 22:10:36,2014-05-11 22:19:37,541.0,0.7,0.7,114,2014-05-11
773,2014-05-11 22:21:48,2014-05-11 22:22:03,15.0,0.7,0.7,10,2014-05-11
774,2014-05-11 22:29:10,2014-05-11 22:29:11,1.0,0.7,0.7,2,2014-05-11
775,2014-05-11 23:29:02,2014-05-11 23:29:05,3.0,0.7,0.7,4,2014-05-11
776,2014-05-11 23:31:16,2014-05-11 23:33:03,107.0,0.7,0.6999999999999998,12,2014-05-11
777,2014-05-11 23:37:10,2014-05-11 23:37:13,3.0,0.7,0.7,4,2014-05-11
778,2014-05-11 23:44:02,2014-05-11 23:44:59,57.0,0.7,0.6999999999999998,12,2014-05-11
779,2014-05-11 23:47:24,2014-05-11 23:48:13,49.0,0.7,0.7,8,2014-05-11
780,2014-05-11 23:50:24,2014-05-11 23:52:31,127.0,0.7,0.7,16,2014-05-11
781,2014-05-11 23:56:54,2014-05-11 23:57:29,35.0,0.7,0.7,8,2014-05-11
782,2014-05-12 01:34:24,2014-05-12 01:34:25,1.0,0.7,0.7,2,2014-05-12
783,2014-05-12 01:37:26,2014-05-12 01:39:07,101.0,0.7,0.6999999999999998,6,2014-05-12
784,2014-05-12 01:42:56,2014-05-12 01:42:59,3.0,0.7,0.7,4,2014-05-12
785,2014-05-12 01:46:56,2014-05-12 01:46:57,1.0,0.7,0.7,2,2014-05-12
786,2014-05-12 01:53:48,2014-05-12 01:55:15,87.0,0.7,0.7,14,2014-05-12
787,2014-05-12 01:57:46,2014-05-12 01:57:51,5.0,0.7,0.6999999999999998,6,2014-05-12
788,2014-05-12 02:04:20,2014-05-12 02:04:23,3.0,0.7,0.7,4,2014-05-12
789,2014-05-12 02:14:06,2014-05-12 02:14:07,1.0,0.7,0.7,2,2014-05-12
790,2014-05-12 06:00:00,2014-05-12 06:00:02,2.0,0.7,0.6999999999999998,3,2014-05-12
791,2014-05-12 07:30:53,2014-05-12 07:53:29,1356.0,0.7,0.7,1301,2014-05-12
792,2014-05-12 08:42:06,2014-05-12 09:11:17,1751.0,0.7,0.7,1620,2014-05-12
793,2014-05-12 09:13:26,2014-05-12 09:24:57,691.0,0.7,0.7,452,2014-05-12
794,2014-05-12 09:30:02,2014-05-12 10:11:35,2493.0,2.2,0.7434306569343065,2192,2014-05-12
795,2014-05-12 15:24:08,2014-05-12 15:28:13,245.0,0.7,0.7,30,2014-05-12
796,2014-05-12 15:32:48,2014-05-12 15:37:59,311.0,0.7,0.7,58,2014-05-12
797,2014-05-12 15:41:34,2014-05-12 15:44:27,173.0,0.7,0.7,28,2014-05-12
798,2014-05-12 15:49:42,2014-05-12 15:50:45,63.0,0.7,0.7,10,2014-05-12
799,2014-05-12 15:53:26,2014-05-12 15:57:33,247.0,0.7,0.7,28,2014-05-12
800,2014-05-12 16:09:28,2014-05-12 16:14:49,321.0,0.7,0.7,64,2014-05-12
801,2014-05-12 16:18:26,2014-05-12 16:18:31,5.0,0.7,0.6999999999999998,6,2014-05-12
802,2014-05-12 16:20:52,2014-05-12 16:22:29,97.0,0.7,0.7,16,2014-05-12
803,2014-05-12 16:27:24,2014-05-12 16:27:57,33.0,0.7,0.7,18,2014-05-12
804,2014-05-12 16:35:48,2014-05-12 16:36:41,53.0,0.7,0.7,8,2014-05-12
805,2014-05-12 16:43:28,2014-05-12 16:43:29,1.0,0.7,0.7,2,2014-05-12
806,2014-05-12 16:47:14,2014-05-12 16:47:15,1.0,0.7,0.7,2,2014-05-12
807,2014-05-12 16:50:30,2014-05-12 16:54:41,251.0,0.7,0.7,62,2014-05-12
808,2014-05-12 17:11:45,2014-05-12 17:11:50,5.0,0.7,0.6999999999999998,6,2014-05-12
809,2014-05-12 17:26:35,2014-05-12 17:26:36,1.0,0.7,0.7,2,2014-05-12
810,2014-05-12 17:46:23,2014-05-12 17:49:06,163.0,0.7,0.7,20,2014-05-12
811,2014-05-12 17:54:39,2014-05-12 17:54:40,1.0,0.7,0.7,2,2014-05-12
812,2014-05-12 18:00:35,2014-05-12 18:03:42,187.0,0.7,0.6999999999999998,12,2014-05-12
813,2014-05-12 19:23:13,2014-05-12 19:32:58,585.0,0.7,0.6999999999999998,444,2014-05-12
814,2014-05-12 20:15:19,2014-05-12 20:17:48,149.0,0.7,0.7,94,2014-05-12
815,2014-05-12 20:26:39,2014-05-12 20:35:06,507.0,0.7,0.7,482,2014-05-12
816,2014-05-12 21:20:43,2014-05-12 21:22:10,87.0,0.7,0.6999999999999998,12,2014-05-12
817,2014-05-12 21:45:13,2014-05-12 21:51:18,365.0,0.7,0.7,332,2014-05-12
818,2014-05-12 22:19:59,2014-05-12 22:26:30,391.0,0.7,0.7,338,2014-05-12
819,2014-05-12 22:29:17,2014-05-12 22:29:20,3.0,0.7,0.7,4,2014-05-12
820,2014-05-12 22:46:57,2014-05-12 22:47:40,43.0,0.7,0.7,10,2014-05-12
821,2014-05-12 23:01:03,2014-05-12 23:24:14,1391.0,0.7,0.7,1342,2014-05-12
822,2014-05-12 23:46:21,2014-05-13 00:42:46,3385.0,0.7,0.7000000000000001,3012,2014-05-12
823,2014-05-13 01:34:13,2014-05-13 01:37:14,181.0,0.7,0.6999999999999998,24,2014-05-13
824,2014-05-13 01:49:05,2014-05-13 01:49:10,5.0,0.7,0.6999999999999998,6,2014-05-13
825,2014-05-13 02:10:00,2014-05-13 02:17:43,463.0,0.7,0.7,322,2014-05-13
826,2014-05-13 02:24:10,2014-05-13 03:46:51,4961.0,0.8,0.7137885462555066,4540,2014-05-13
827,2014-05-13 03:49:28,2014-05-13 03:49:29,1.0,0.7,0.7,2,2014-05-13
828,2014-05-13 03:54:54,2014-05-13 03:54:55,1.0,0.7,0.7,2,2014-05-13
829,2014-05-13 04:08:40,2014-05-13 06:42:33,9233.0,0.8,0.7070740278879944,8821,2014-05-13
830,2014-05-13 06:47:20,2014-05-13 06:47:25,5.0,0.7,0.6999999999999998,6,2014-05-13
831,2014-05-13 07:11:42,2014-05-13 07:12:11,29.0,0.7,0.7,22,2014-05-13
832,2014-05-13 07:50:12,2014-05-13 07:50:15,3.0,0.7,0.7,4,2014-05-13
833,2014-05-13 08:39:50,2014-05-13 08:42:09,139.0,0.7,0.6999999999999998,24,2014-05-13
834,2014-05-13 08:45:40,2014-05-13 08:45:41,1.0,0.7,0.7,2,2014-05-13
835,2014-05-13 08:47:46,2014-05-13 08:48:39,53.0,0.7,0.6999999999999998,12,2014-05-13
836,2014-05-13 09:25:09,2014-05-13 09:26:20,71.0,0.7,0.6999999999999998,24,2014-05-13
837,2014-05-13 10:10:33,2014-05-13 10:13:20,167.0,0.7,0.7,78,2014-05-13
838,2014-05-13 20:00:05,2014-05-13 20:02:28,143.0,0.7,0.7,100,2014-05-13
839,2014-05-13 20:07:07,2014-05-13 20:11:08,241.0,0.7,0.7,230,2014-05-13
840,2014-05-13 20:48:41,2014-05-13 20:55:36,415.0,0.7,0.7,184,2014-05-13
841,2014-05-13 21:00:01,2014-05-13 21:04:52,291.0,0.7,0.7,234,2014-05-13
842,2014-05-13 21:26:31,2014-05-13 21:35:18,527.0,0.7,0.7,528,2014-05-13
843,2014-05-13 21:54:27,2014-05-13 22:01:42,435.0,0.7,0.6999999999999998,394,2014-05-13
844,2014-05-13 22:37:30,2014-05-13 22:50:57,807.0,0.7,0.7,730,2014-05-13
845,2014-05-13 22:53:26,2014-05-13 23:15:03,1297.0,0.7,0.7,1250,2014-05-13
846,2014-05-13 23:37:05,2014-05-13 23:40:55,230.0,0.7,0.7,73,2014-05-13
847,2014-05-13 23:52:16,2014-05-14 00:18:21,1565.0,0.7,0.7000000000000001,1506,2014-05-13
848,2014-05-14 00:22:14,2014-05-14 00:32:17,603.0,0.7,0.7,558,2014-05-14
849,2014-05-14 02:28:54,2014-05-14 02:35:39,405.0,0.7,0.7,386,2014-05-14
850,2014-05-14 02:45:58,2014-05-14 02:54:05,487.0,0.7,0.7,426,2014-05-14
851,2014-05-14 03:09:36,2014-05-14 03:47:56,2300.0,0.8,0.7084478371501272,1965,2014-05-14
852,2014-05-14 04:02:33,2014-05-14 04:15:36,783.0,0.7,0.7,742,2014-05-14
853,2014-05-14 04:18:59,2014-05-14 04:25:12,373.0,0.7,0.7,362,2014-05-14
854,2014-05-14 04:36:03,2014-05-14 04:40:42,279.0,0.7,0.7,270,2014-05-14
855,2014-05-14 05:10:43,2014-05-14 05:50:28,2385.0,0.7,0.7,2016,2014-05-14
856,2014-05-14 05:59:39,2014-05-14 06:06:38,419.0,0.7,0.7,146,2014-05-14
857,2014-05-14 06:40:47,2014-05-14 07:01:52,1265.0,0.8,0.7497607655502393,1254,2014-05-14
858,2014-05-14 07:45:57,2014-05-14 07:46:54,57.0,0.7,0.6999999999999998,12,2014-05-14
859,2014-05-14 23:04:47,2014-05-14 23:23:45,1138.0,0.7,0.7,1027,2014-05-14
860,2014-05-15 00:17:19,2014-05-15 00:19:16,117.0,0.7,0.7,10,2014-05-15
861,2014-05-15 00:27:45,2014-05-15 00:30:46,181.0,0.7,0.7,162,2014-05-15
862,2014-05-15 02:34:09,2014-05-15 02:34:28,19.0,0.7,0.7,4,2014-05-15
863,2014-05-15 03:11:47,2014-05-15 03:35:18,1411.0,0.8,0.7028735632183908,1392,2014-05-15
864,2014-05-15 03:46:27,2014-05-15 04:02:26,959.0,0.7,0.7,958,2014-05-15
865,2014-05-15 04:13:55,2014-05-15 06:33:22,8367.0,0.8,0.7144987775061123,8180,2014-05-15
866,2014-05-15 06:47:31,2014-05-15 06:47:32,1.0,0.7,0.7,2,2014-05-15
867,2014-05-15 19:21:17,2014-05-15 19:28:48,451.0,0.7,0.7,360,2014-05-15
868,2014-05-15 19:46:03,2014-05-15 19:47:18,75.0,0.7,0.7,62,2014-05-15
869,2014-05-15 20:00:31,2014-05-15 20:13:58,807.0,0.7,0.7,776,2014-05-15
870,2014-05-15 21:15:55,2014-05-16 22:28:20,90745.0,0.9,0.7144668800787982,89342,2014-05-15
871,2014-05-16 22:41:55,2014-05-16 22:42:02,7.0,0.7,0.6999999999999998,6,2014-05-16
872,2014-05-16 22:45:13,2014-05-18 14:33:17,143284.0,0.9,0.7105753448018588,140733,2014-05-16
873,2014-05-18 14:39:14,2014-05-18 14:39:37,23.0,0.7,0.7,10,2014-05-18
874,2014-05-18 14:43:18,2014-05-18 15:53:53,4235.0,0.7,0.7,1492,2014-05-18
875,2014-05-18 15:56:06,2014-05-18 16:02:17,371.0,0.7,0.7,88,2014-05-18
876,2014-05-18 16:06:58,2014-05-18 16:18:39,701.0,0.7,0.7,164,2014-05-18
877,2014-05-18 16:22:06,2014-05-18 16:57:49,2143.0,0.7,0.7,634,2014-05-18
878,2014-05-18 17:00:12,2014-05-18 17:04:45,273.0,0.7,0.7,34,2014-05-18
879,2014-05-18 17:10:02,2014-05-18 17:10:03,1.0,0.7,0.7,2,2014-05-18
880,2014-05-18 17:13:42,2014-05-18 17:13:45,3.0,0.7,0.7,4,2014-05-18
881,2014-05-18 17:40:44,2014-05-18 17:53:49,785.0,0.7,0.7,116,2014-05-18
882,2014-05-18 17:56:58,2014-05-18 17:57:01,3.0,0.7,0.7,4,2014-05-18
883,2014-05-18 18:00:54,2014-05-18 18:04:03,189.0,0.7,0.7,16,2014-05-18
884,2014-05-18 18:06:54,2014-05-18 18:37:01,1807.0,0.7,0.7,540,2014-05-18
885,2014-05-18 18:39:42,2014-05-18 18:40:01,19.0,0.7,0.6999999999999998,6,2014-05-18
886,2014-05-18 18:44:14,2014-05-18 18:50:13,359.0,0.7,0.7,40,2014-05-18
887,2014-05-18 18:52:40,2014-05-18 18:52:41,1.0,0.7,0.7,2,2014-05-18
888,2014-05-18 18:54:56,2014-05-18 19:01:21,385.0,0.7,0.6999999999999998,24,2014-05-18
889,2014-05-18 19:20:40,2014-05-18 19:20:41,1.0,0.7,0.7,2,2014-05-18
890,2014-05-18 19:23:28,2014-05-18 19:23:39,11.0,0.7,0.6999999999999998,6,2014-05-18
891,2014-05-18 19:26:50,2014-05-18 19:45:33,1123.0,0.7,0.7,304,2014-05-18
892,2014-05-18 19:49:10,2014-05-18 19:49:19,9.0,0.7,0.7,8,2014-05-18
893,2014-05-18 21:55:56,2014-05-18 21:55:57,1.0,0.7,0.7,2,2014-05-18
894,2014-05-18 22:16:14,2014-05-18 22:16:15,1.0,0.7,0.7,2,2014-05-18
895,2014-05-18 22:18:16,2014-05-18 22:18:33,17.0,0.7,0.7,4,2014-05-18
896,2014-05-19 01:10:42,2014-05-19 01:10:45,3.0,0.7,0.7,4,2014-05-19
897,2014-05-19 01:12:56,2014-05-19 01:12:59,3.0,0.7,0.7,4,2014-05-19
898,2014-05-19 01:29:30,2014-05-19 01:33:29,239.0,0.7,0.7,20,2014-05-19
899,2014-05-19 01:36:06,2014-05-19 01:36:09,3.0,0.7,0.7,4,2014-05-19
900,2014-05-19 01:39:02,2014-05-19 01:39:05,3.0,0.7,0.7,4,2014-05-19
901,2014-05-19 01:49:16,2014-05-19 01:50:55,99.0,0.7,0.6999999999999998,12,2014-05-19
902,2014-05-19 01:58:58,2014-05-19 02:00:31,93.0,0.7,0.7,8,2014-05-19
903,2014-05-19 02:06:48,2014-05-19 02:07:39,51.0,0.7,0.6999999999999998,12,2014-05-19
904,2014-05-19 05:30:17,2014-05-19 05:31:24,67.0,0.7,0.6999999999999998,12,2014-05-19
905,2014-05-19 05:34:01,2014-05-19 05:35:10,69.0,0.7,0.7,8,2014-05-19
906,2014-05-19 05:40:59,2014-05-19 05:45:50,291.0,0.7,0.7,14,2014-05-19
907,2014-05-19 05:48:09,2014-05-19 07:31:30,6201.0,0.8,0.7080039525691699,6072,2014-05-19
908,2014-05-19 07:41:03,2014-05-19 07:55:04,841.0,0.7,0.7,752,2014-05-19
909,2014-05-19 07:59:36,2014-05-19 07:59:57,21.0,0.7,0.7,10,2014-05-19
910,2014-05-19 08:18:30,2014-05-19 09:05:19,2809.0,2.3,0.7490939044481054,2428,2014-05-19
911,2014-05-19 09:07:56,2014-05-19 09:21:17,801.0,0.7,0.7,280,2014-05-19
912,2014-05-19 09:25:06,2014-05-19 09:36:49,703.0,0.7,0.7,562,2014-05-19
913,2014-05-19 09:38:58,2014-05-19 09:50:45,707.0,0.7,0.7,174,2014-05-19
914,2014-05-19 09:53:06,2014-05-21 09:38:53,171947.0,1.0,0.737715167167214,171146,2014-05-19
915,2014-05-21 09:49:28,2014-05-21 10:02:25,777.0,0.7,0.7,260,2014-05-21
916,2014-05-21 10:07:30,2014-05-21 10:23:25,955.0,0.7,0.7,330,2014-05-21
917,2014-05-21 10:26:18,2014-05-31 11:11:56,866738.0,30.0,0.8180427244059731,865407,2014-05-21
918,2014-05-31 11:19:21,2014-05-31 11:20:56,95.0,0.7,0.7,20,2014-05-31
919,2014-05-31 11:23:53,2014-05-31 11:23:56,3.0,0.7,0.7,4,2014-05-31
920,2014-05-31 11:26:55,2014-05-31 11:28:14,79.0,0.7,0.6999999999999998,6,2014-05-31
921,2014-05-31 11:30:45,2014-05-31 11:33:50,185.0,0.7,0.7,18,2014-05-31
922,2014-05-31 11:36:23,2014-06-01 20:41:19,119096.0,0.7,0.7,105138,2014-05-31
923,2014-06-01 20:43:26,2014-06-01 20:54:23,657.0,0.7,0.7,74,2014-06-01
924,2014-06-01 20:56:26,2014-06-01 21:05:47,561.0,0.7,0.7,74,2014-06-01
925,2014-06-01 21:08:02,2014-06-01 21:09:29,87.0,0.7,0.7,14,2014-06-01
926,2014-06-01 21:27:58,2014-06-01 21:28:03,5.0,0.7,0.6999999999999998,6,2014-06-01
927,2014-06-01 21:30:44,2014-06-01 21:44:01,797.0,0.7,0.7,392,2014-06-01
928,2014-06-01 21:47:10,2014-06-01 21:47:47,37.0,0.7,0.7,14,2014-06-01
929,2014-06-01 21:50:28,2014-06-01 22:45:09,3281.0,0.7,0.7,1420,2014-06-01
930,2014-06-01 23:06:04,2014-06-01 23:09:05,181.0,0.7,0.7,26,2014-06-01
931,2014-06-01 23:13:54,2014-06-01 23:46:55,1981.0,0.7,0.7,576,2014-06-01
932,2014-06-01 23:49:32,2014-06-02 00:30:23,2451.0,0.7,0.7,1440,2014-06-01
933,2014-06-02 00:40:52,2014-06-02 02:16:11,5719.0,0.7,0.7,2214,2014-06-02
934,2014-06-02 02:20:54,2014-06-02 02:20:55,1.0,0.7,0.7,2,2014-06-02
935,2014-06-02 02:25:14,2014-06-02 02:25:15,1.0,0.7,0.7,2,2014-06-02
936,2014-06-02 02:28:24,2014-06-02 02:29:35,71.0,0.7,0.7,8,2014-06-02
937,2014-06-02 02:32:22,2014-06-02 02:40:15,473.0,0.7,0.7,80,2014-06-02
938,2014-06-02 02:43:56,2014-06-02 03:40:09,3373.0,0.7,0.7,934,2014-06-02
939,2014-06-02 03:42:20,2014-06-02 04:09:32,1632.0,0.7,0.7,403,2014-06-02
940,2014-06-02 04:11:39,2014-06-02 04:12:36,57.0,0.7,0.7,10,2014-06-02
941,2014-06-02 04:17:57,2014-06-02 04:18:02,5.0,0.7,0.6999999999999998,6,2014-06-02
942,2014-06-02 04:20:19,2014-06-02 04:22:20,121.0,0.7,0.7,16,2014-06-02
943,2014-06-02 04:25:09,2014-06-02 04:28:24,195.0,0.7,0.7,14,2014-06-02
944,2014-06-02 04:31:11,2014-06-02 04:31:12,1.0,0.7,0.7,2,2014-06-02
945,2014-06-02 04:33:25,2014-06-02 04:33:28,3.0,0.7,0.7,4,2014-06-02
946,2014-06-02 04:35:37,2014-06-02 04:38:18,161.0,0.7,0.7,28,2014-06-02
947,2014-06-02 04:41:15,2014-06-02 04:47:12,357.0,0.7,0.7,36,2014-06-02
948,2014-06-02 05:06:43,2014-06-02 05:07:12,29.0,0.7,0.7,8,2014-06-02
949,2014-06-02 05:09:25,2014-06-02 05:16:44,439.0,0.7,0.7,88,2014-06-02
950,2014-06-02 05:19:53,2014-06-02 05:21:26,93.0,0.7,0.6999999999999998,6,2014-06-02
951,2014-06-02 05:26:47,2014-06-02 05:26:52,5.0,0.7,0.6999999999999998,6,2014-06-02
952,2014-06-02 05:30:23,2014-06-02 06:59:18,5335.0,0.7,0.7000000000000001,3052,2014-06-02
953,2014-06-02 07:02:37,2014-06-02 07:05:44,187.0,0.7,0.7,36,2014-06-02
954,2014-06-02 07:08:07,2014-06-02 07:48:33,2426.0,0.7,0.7,726,2014-06-02
955,2014-06-02 07:51:56,2014-06-02 07:53:21,85.0,0.7,0.7,16,2014-06-02
956,2014-06-02 07:59:42,2014-06-02 08:08:07,505.0,0.7,0.7,108,2014-06-02
957,2014-06-02 08:22:32,2014-06-02 08:22:33,1.0,0.7,0.7,2,2014-06-02
958,2014-06-02 08:28:20,2014-06-02 15:57:08,26928.0,2.2,0.7130829848825989,24872,2014-06-02
959,2014-06-02 15:59:41,2014-06-02 17:25:27,5146.0,0.7,0.7,4177,2014-06-02
960,2014-06-02 17:27:52,2014-06-04 08:29:52,140520.0,1.0,0.7256775746395036,138767,2014-06-02
961,2014-06-04 08:32:49,2014-06-05 23:46:25,141216.0,1.1,0.7763681838793788,141136,2014-06-04
962,2014-06-05 23:49:38,2014-06-05 23:51:30,112.0,0.7,0.7,65,2014-06-05
963,2014-06-05 23:53:59,2014-06-06 07:05:59,25920.0,0.9,0.7267476598287194,25105,2014-06-05
964,2014-06-06 07:08:36,2014-06-06 09:56:44,10088.0,0.7,0.7,8343,2014-06-06
965,2014-06-06 10:00:05,2014-06-06 10:00:06,1.0,0.7,0.7,2,2014-06-06
966,2014-06-06 10:02:07,2014-06-09 09:41:13,257946.0,1.0,0.7184379539869057,256753,2014-06-06
967,2014-06-09 09:45:02,2014-06-09 11:44:26,7164.0,0.8,0.7135583605162389,7051,2014-06-09
968,2014-06-09 11:50:13,2014-06-15 07:40:21,503408.0,2.3,0.8589104325081328,501979,2014-06-09
969,2014-06-15 07:46:42,2014-06-15 07:55:47,545.0,0.7,0.7,270,2014-06-15
970,2014-06-15 08:01:34,2014-06-15 08:30:47,1753.0,0.7,0.7,458,2014-06-15
971,2014-06-15 08:33:06,2014-06-15 08:39:43,397.0,0.7,0.7,100,2014-06-15
972,2014-06-15 08:42:12,2014-06-15 08:43:35,83.0,0.7,0.7,8,2014-06-15
973,2014-06-15 08:54:22,2014-06-15 08:54:23,1.0,0.7,0.7,2,2014-06-15
974,2014-06-15 09:00:50,2014-06-15 09:02:09,79.0,0.7,0.6999999999999998,6,2014-06-15
975,2014-06-15 09:07:02,2014-06-15 09:07:05,3.0,0.7,0.7,4,2014-06-15
976,2014-06-15 09:12:16,2014-06-15 09:12:17,1.0,0.7,0.7,2,2014-06-15
977,2014-06-15 09:26:38,2014-06-15 09:43:53,1035.0,0.7,0.7,312,2014-06-15
978,2014-06-15 09:46:04,2014-06-15 10:00:53,889.0,0.7,0.7,278,2014-06-15
979,2014-06-15 10:06:22,2014-06-15 10:06:23,1.0,0.7,0.7,2,2014-06-15
980,2014-06-15 10:19:04,2014-06-15 10:54:17,2113.0,0.7,0.7,416,2014-06-15
981,2014-06-15 10:57:46,2014-06-15 11:00:37,171.0,0.7,0.7,14,2014-06-15
982,2014-06-15 11:06:26,2014-06-15 11:07:15,49.0,0.7,0.7,8,2014-06-15
983,2014-06-15 11:11:36,2014-06-15 11:22:07,631.0,0.7,0.7,70,2014-06-15
984,2014-06-15 11:24:40,2014-06-15 11:28:59,259.0,0.7,0.7,38,2014-06-15
985,2014-06-15 11:31:24,2014-06-15 11:31:25,1.0,0.7,0.7,2,2014-06-15
986,2014-06-15 11:34:34,2014-06-15 11:36:09,95.0,0.7,0.7,14,2014-06-15
987,2014-06-15 11:39:26,2014-06-15 11:45:29,363.0,0.7,0.7,38,2014-06-15
988,2014-06-15 11:47:50,2014-06-15 12:25:28,2258.0,0.7,0.7,1107,2014-06-15
989,2014-06-15 12:27:47,2014-06-15 12:29:00,73.0,0.7,0.7,10,2014-06-15
990,2014-06-15 13:24:31,2014-06-15 13:24:34,3.0,0.7,0.7,4,2014-06-15
991,2014-06-15 13:27:31,2014-06-15 14:12:54,2723.0,0.7,0.6999999999999998,414,2014-06-15
992,2014-06-15 14:19:33,2014-06-15 14:23:00,207.0,0.7,0.7,30,2014-06-15
993,2014-06-15 14:26:37,2014-06-15 14:26:46,9.0,0.7,0.7,4,2014-06-15
994,2014-06-15 14:31:51,2014-06-15 15:27:36,3345.0,0.7,0.7,2094,2014-06-15
995,2014-06-15 15:29:57,2014-06-15 15:51:46,1309.0,0.7,0.7,1198,2014-06-15
996,2014-06-15 15:53:49,2014-06-15 16:33:50,2401.0,0.7,0.7,2264,2014-06-15
997,2014-06-15 16:36:39,2014-06-15 19:40:53,11054.0,0.7,0.7,8825,2014-06-15
998,2014-06-15 19:45:36,2014-06-15 19:45:39,3.0,0.7,0.7,4,2014-06-15
999,2014-06-15 19:53:10,2014-06-15 20:00:13,423.0,0.7,0.7,34,2014-06-15
1000,2014-06-15 21:10:39,2014-06-15 21:11:36,57.0,0.7,0.7,10,2014-06-15
1001,2014-06-15 21:20:29,2014-06-15 21:23:40,191.0,0.7,0.6999999999999998,12,2014-06-15
1002,2014-06-15 21:44:21,2014-06-15 21:48:02,221.0,0.7,0.7,14,2014-06-15
1003,2014-06-15 21:53:05,2014-06-15 21:53:06,1.0,0.7,0.7,2,2014-06-15
1004,2014-06-15 22:00:07,2014-06-15 22:00:08,1.0,0.7,0.7,2,2014-06-15
1005,2014-06-15 23:44:01,2014-06-15 23:44:02,1.0,0.7,0.7,2,2014-06-15
1006,2014-06-15 23:46:48,2014-06-15 23:47:35,47.0,0.7,0.7,14,2014-06-15
1007,2014-06-15 23:50:54,2014-06-15 23:53:45,171.0,0.7,0.7,18,2014-06-15
1008,2014-06-15 23:57:36,2014-06-15 23:57:37,1.0,0.7,0.7,2,2014-06-15
1009,2014-06-16 00:20:10,2014-06-16 00:20:11,1.0,0.7,0.7,2,2014-06-16
1010,2014-06-16 00:25:44,2014-06-16 00:25:47,3.0,0.7,0.7,4,2014-06-16
1011,2014-06-16 00:54:50,2014-06-16 00:54:55,5.0,0.7,0.6999999999999998,6,2014-06-16
1012,2014-06-16 00:56:58,2014-06-16 00:58:07,69.0,0.7,0.7,20,2014-06-16
1013,2014-06-16 01:04:46,2014-06-16 01:04:47,1.0,0.7,0.7,2,2014-06-16
1014,2014-06-16 01:09:04,2014-06-16 01:09:07,3.0,0.7,0.7,4,2014-06-16
1015,2014-06-16 01:20:20,2014-06-16 01:21:29,69.0,0.7,0.7,18,2014-06-16
1016,2014-06-16 01:40:44,2014-06-16 02:07:31,1607.0,0.7,0.7,542,2014-06-16
1017,2014-06-16 02:09:56,2014-06-16 02:09:59,3.0,0.7,0.7,4,2014-06-16
1018,2014-06-16 02:25:44,2014-06-16 02:25:45,1.0,0.7,0.7,2,2014-06-16
1019,2014-06-16 02:38:56,2014-06-16 02:42:13,197.0,0.7,0.6999999999999998,12,2014-06-16
1020,2014-06-16 02:44:28,2014-06-16 02:44:29,1.0,0.7,0.7,2,2014-06-16
1021,2014-06-16 02:54:06,2014-06-16 04:48:11,6845.0,0.7,0.7,5128,2014-06-16
1022,2014-06-16 04:54:30,2014-06-16 04:54:33,3.0,0.7,0.7,4,2014-06-16
1023,2014-06-16 05:02:42,2014-06-16 05:21:37,1135.0,0.7,0.7,582,2014-06-16
1024,2014-06-16 05:24:20,2014-06-16 06:48:24,5044.0,0.8,0.708066816052149,4909,2014-06-16
1025,2014-06-16 07:21:57,2014-06-16 07:28:20,383.0,0.7,0.7,240,2014-06-16
1026,2014-06-16 07:44:05,2014-06-16 07:44:08,3.0,0.7,0.7,4,2014-06-16
1027,2014-06-16 07:58:17,2014-06-16 12:32:09,16432.0,0.8,0.7141130269374731,16297,2014-06-16
